customerid,subscription_start_date,subscription_type,renewal_date,plan_type,contract_type,cancellation_date,cancellation_reason,monthly_charges,cltv,churn_score,churn_flag,customer_name,country,state,gender,dob,complaint_date,escalations,csat_score,complaint_count,tenure_days,churn_risk,customer_age,cancellation_month
0002-ORFBO,2021-03-15,Refferal,2025-03-15,Standard,Annual,,,13.99,627,12,0,keshav,India,Maharashtra,Male,1982-04-12,,0,,,2017,low,44,
0003-MKNFE,2020-08-01,Paid,2024-08-01,Premium,Annual,2024-09-10,Switched to competitor,12.99,1150,91,1,raghav,India,Karnataka,Male,1995-11-23,2024-08-28,1,10.0,2.0,1501,high,30,2024-09
0004-TLHLJ,2022-11-20,Organic,2025-11-20,Basic,Monthly,,,6.99,210,34,0,lalita,India,Delhi,Female,1978-02-15,,0,,,1402,low,48,
0011-IGKFF,2019-05-10,Paid,2025-05-10,Premium,Annual,,,22.99,1725,8,0,mohan,India,Nagaland,Male,2001-08-30,,0,,,2692,low,25,
0013-EXCHZ,2023-01-05,Refferal,2024-01-05,Standard,Monthly,2024-02-28,Too expensive,13.99,195,88,1,mira,India,Delhi,Female,1990-05-05,2024-01-20,1,20.0,1.0,419,high,36,2024-02
0013-MHZWF,2022-06-18,Paid,2025-06-18,Standard,Annual,,,17.99,720,15,0,arjun,India,Delhi,Female,1988-12-10,2025-03-18,0,90.0,1.0,1557,low,37,
0013-SMEOE,2021-09-30,Refferal,2024-09-30,Basic,Monthly,2024-11-15,Not enough content,8.99,230,82,1,neha,India,Meghalaya,Female,1976-09-21,2024-11-01,0,30.0,1.0,1142,high,50,2024-11
0014-BMAQU,2020-02-14,Organic,2025-02-14,Premium,Annual,,,22.99,1840,7,0,rohan,India,Rajasthan,Male,1999-03-14,,0,,,2412,low,27,
0015-UOCOJ,2023-07-22,Organic,2024-07-22,Standard,Monthly,,,13.99,240,20,0,pooja,India,Kathmandu,Female,1985-07-07,,0,,,1158,low,41,
0016-QLJIS,2022-04-03,Organic,2025-04-03,Basic,Annual,,,6.99,335,18,0,amit,India,Kathmandu,Male,1993-10-29,,0,,,1633,low,32,
0017-DINOC,2021-12-01,Organic,2025-12-01,Premium,Annual,,,22.99,1610,10,0,vikas,India,Maharashtra,Male,1997-01-22,,0,,,1756,low,29,
0017-IUDMW,2023-03-17,Refferal,2024-03-17,Standard,Monthly,2024-05-01,Poor streaming quality,7.99,270,79,1,simran,India,Karnataka,Female,1981-06-18,2024-04-10,1,25.0,1.0,411,high,45,2024-05
0018-NYROU,2020-10-09,Organic,2025-10-09,Standard,Annual,,,13.99,980,13,0,riya,India,Telangana,Female,2004-12-01,,0,,,2174,low,21,
0019-EFAEP,2022-08-25,Refferal,2024-08-25,Basic,Monthly,2024-10-31,Switched to competitor,12.99,160,86,1,karan,India,Meghalaya,Female,1992-04-25,2024-09-27,1,30.0,1.0,798,high,34,2024-10
0020-QAHFT,2019-07-07,Paid,2020-07-07,Premium,Monthly,2023-02-11,Service issues,23.99,2236,62,1,aditya,India,Karnataka,Female,1985-07-03,2022-12-09,1,61.0,4.0,1315,medium,39,2023-02
0021-AFNAF,2021-02-17,Paid,2023-02-17,Premium,Annual,,,22.99,2120,8,0,meera,India,Uttar Pradesh,Female,1992-05-15,,0,,,1413,low,32,
0022-LHWTE,2023-01-11,Refferal,2026-01-11,Premium,Annual,,,22.99,841,26,0,nisha,India,Telangana,Female,1989-01-13,2023-04-02,0,88.0,2.0,720,low,35,
0023-EYICC,2024-03-16,Organic,2024-09-16,Basic,Monthly,,,7.99,146,10,0,kriti,India,Kerala,Female,1977-11-04,,0,,,290,low,47,
0024-GBLDX,2023-10-15,Refferal,2024-01-15,Premium,Monthly,2024-11-19,Switched to competitor,21.99,559,88,1,manish,India,Punjab,Female,1972-03-22,2024-09-05,1,58.0,1.0,401,high,52,2024-11
0025-QWPSB,2022-10-28,Paid,2023-10-28,Standard,Annual,2024-08-12,Too expensive,13.99,536,67,1,ananya,India,Tamil Nadu,Female,1978-06-09,2024-05-27,0,45.0,3.0,654,medium,46,2024-08
0026-WWJLV,2022-03-08,Paid,2022-06-08,Basic,Monthly,,,6.99,421,4,0,sneha,India,Delhi,Female,1992-07-26,2024-11-23,0,97.0,1.0,1029,low,32,
0027-FGYQP,2022-10-22,Paid,2027-10-22,Standard,Annual,2023-07-09,Too expensive,13.99,206,73,1,ishaan,India,Punjab,Male,1975-11-04,2023-06-30,0,54.0,4.0,260,high,49,2023-07
0028-MHYRF,2024-05-23,Organic,2028-05-23,Standard,Annual,,,13.99,196,19,0,meera,India,Rajasthan,Male,1989-02-04,2025-08-19,0,64.0,1.0,222,low,35,
0029-VUKBX,2021-08-18,Paid,2022-08-18,Premium,Annual,,,22.99,1322,17,0,kavya,India,Haryana,Female,2000-11-15,,0,,,1231,low,24,
0030-RKXLG,2021-08-15,Organic,2023-08-15,Standard,Monthly,,,13.99,1026,13,0,sahil,India,Nagaland,Female,1991-05-18,,0,,,1234,low,33,
0031-PXKFZ,2019-07-18,Organic,2020-07-18,Standard,Monthly,,,14.99,1773,30,0,ananya,India,Punjab,Female,1992-01-29,2020-02-02,0,84.0,1.0,1993,low,32,
0032-TWDER,2021-07-27,Refferal,2022-07-27,Basic,Annual,,,7.99,713,23,0,tanvi,India,Haryana,Male,2000-05-01,,0,,,1253,low,24,
0033-JZNZW,2021-10-27,Organic,2023-10-27,Standard,Annual,,,12.99,657,12,0,nikita,India,Maharashtra,Male,1998-09-13,2023-01-25,0,82.0,2.0,1161,low,26,
0034-XTTIH,2022-03-09,Paid,2026-03-09,Basic,Annual,,,8.99,381,31,0,aarav,India,Delhi,Female,1964-10-08,,0,,,1028,low,60,
0035-YWGNE,2019-10-24,Refferal,2020-10-24,Premium,Monthly,,,22.99,3101,31,0,manish,India,Bihar,Male,1992-02-05,,0,,,1895,low,32,
0036-HQPDT,2020-06-21,Paid,2022-06-21,Basic,Monthly,,,6.99,662,38,0,kriti,India,Punjab,Male,1995-02-09,,0,,,1654,low,29,
0037-IAYWV,2021-09-13,Organic,2023-09-13,Standard,Annual,2023-02-07,Poor streaming quality,13.99,323,96,1,meera,India,Nagaland,Male,1999-12-08,2023-02-06,1,11.0,4.0,512,high,25,2023-02
0038-WYCMB,2023-10-12,Refferal,2023-11-12,Standard,Monthly,2024-03-15,Service issues,13.99,96,85,1,isha,India,Tamil Nadu,Male,2003-10-30,2024-01-30,1,66.0,3.0,155,high,21,2024-03
0039-RYENP,2020-04-27,Paid,2024-04-27,Basic,Annual,,,6.99,772,9,0,priya,India,Nagaland,Male,2002-04-15,,0,,,1709,low,22,
0040-IZQLN,2023-10-01,Organic,2024-04-01,Premium,Monthly,2024-09-28,Switched to competitor,22.99,488,90,1,ananya,India,Nagaland,Male,1984-12-22,2024-07-04,0,27.0,3.0,363,high,40,2024-09
0041-IPFFB,2019-11-08,Paid,2019-12-08,Basic,Monthly,,,8.99,1118,42,0,meera,India,Uttar Pradesh,Male,1966-07-28,,0,,,1880,medium,58,
0042-BAINH,2021-09-08,Refferal,2022-09-08,Basic,Monthly,2024-07-02,Not enough content,7.99,445,76,1,sahil,India,Nagaland,Male,1987-11-19,2024-04-09,0,27.0,4.0,1028,high,37,2024-07
0043-YOMUU,2021-02-24,Paid,2023-02-24,Premium,Annual,,,22.99,1364,6,0,anjali,India,Nagaland,Male,1965-11-24,,0,,,1406,low,59,
0044-RJKWB,2021-09-25,Organic,2022-03-25,Premium,Monthly,2022-09-16,Switched to competitor,22.99,342,87,1,sahil,India,Maharashtra,Female,1999-06-18,2022-09-02,1,37.0,2.0,356,high,25,2022-09
0045-IWGEL,2019-02-14,Paid,2020-02-14,Basic,Monthly,2023-09-15,Not enough content,7.99,615,82,1,yash,India,Delhi,Female,1982-12-17,2023-08-01,0,63.0,3.0,1674,high,42,2023-09
0046-GYLWO,2024-02-11,Paid,2024-03-11,Standard,Monthly,2024-11-29,Switched to competitor,13.99,286,64,1,ananya,India,Uttar Pradesh,Male,1970-02-28,2024-11-24,1,66.0,2.0,292,medium,54,2024-11
0047-YWEMF,2020-05-18,Paid,2025-05-18,Premium,Annual,,,21.99,2057,18,0,ishaan,India,Telangana,Male,1982-01-14,,0,,,1688,low,42,
0048-JZGUL,2023-12-06,Organic,2024-01-06,Standard,Monthly,,,13.99,343,23,0,isha,India,Telangana,Female,1990-07-27,2025-02-03,0,90.0,1.0,391,low,34,
0049-EFBTB,2021-03-07,Refferal,2021-09-07,Premium,Monthly,,,21.99,2049,25,0,aditya,India,Rajasthan,Male,1984-05-07,,0,,,1395,low,40,
0050-PNWEY,2022-03-07,Paid,2025-03-07,Basic,Annual,2024-03-31,Switched to competitor,7.99,258,87,1,ananya,India,Kerala,Male,1979-04-12,2024-03-19,1,47.0,4.0,755,high,45,2024-03
0051-PRGDX,2022-01-03,Refferal,2024-01-03,Premium,Monthly,,,21.99,1434,27,0,kriti,India,Nagaland,Male,1972-11-29,,0,,,1093,low,52,
0052-CROIG,2020-06-16,Organic,2020-12-16,Standard,Monthly,,,13.99,1546,1,0,meera,India,Uttar Pradesh,Female,1974-03-29,,0,,,1659,low,50,
0053-GDQLY,2021-12-23,Organic,2024-12-23,Premium,Annual,2024-05-27,Switched to competitor,22.99,1424,95,1,kriti,India,Maharashtra,Female,1974-09-02,2024-04-19,0,57.0,4.0,886,high,50,2024-05
0054-ZZBFG,2023-09-12,Organic,2023-10-12,Standard,Monthly,2024-07-18,Poor streaming quality,14.99,330,82,1,meera,India,Bihar,Male,1996-06-13,2024-06-09,0,33.0,3.0,310,high,28,2024-07
0055-JEVSP,2021-01-27,Refferal,2021-07-27,Standard,Monthly,,,14.99,947,30,0,nikita,India,Tamil Nadu,Male,1999-02-15,,0,,,1434,low,25,
0056-VHRYD,2022-08-30,Organic,2025-08-30,Standard,Annual,,,13.99,598,4,0,sahil,India,Karnataka,Male,1991-07-24,,0,,,854,low,33,
0057-OHPSF,2021-12-18,Refferal,2025-12-18,Basic,Annual,,,6.99,333,14,0,dev,India,Uttar Pradesh,Female,1998-05-09,2024-09-22,0,100.0,2.0,1109,low,26,
0058-MXVCL,2022-11-30,Organic,2022-12-30,Basic,Monthly,,,6.99,214,29,0,aarav,India,Meghalaya,Male,1967-02-04,,0,,,762,low,57,
0059-IDZEL,2019-03-17,Refferal,2019-06-17,Standard,Monthly,,,12.99,1806,11,0,diya,India,West Bengal,Female,1965-01-28,,0,,,2116,low,59,
0060-ABWXO,2023-11-12,Organic,2026-11-12,Basic,Annual,2024-07-20,Poor streaming quality,8.99,104,76,1,varun,India,Haryana,Male,1971-04-08,2024-05-24,1,61.0,1.0,251,high,53,2024-07
0061-DIXUW,2019-02-03,Paid,2020-02-03,Premium,Annual,2019-07-11,Poor streaming quality,22.99,167,65,1,nikita,India,Nagaland,Male,1997-08-19,2019-06-21,0,35.0,4.0,158,medium,27,2019-07
0062-CUWKQ,2019-07-12,Refferal,2023-07-12,Standard,Annual,,,13.99,1657,24,0,ishaan,India,Delhi,Male,1982-09-14,,0,,,1999,low,42,
0063-ZVWAT,2022-02-02,Organic,2027-02-02,Premium,Annual,,,23.99,1383,24,0,tanya,India,Rajasthan,Female,2000-09-11,2023-09-09,0,65.0,2.0,1063,low,24,
0064-RTGES,2023-07-08,Paid,2027-07-08,Standard,Annual,2024-03-30,Not enough content,14.99,235,53,1,zoya,India,Kerala,Male,1998-10-11,2024-03-26,0,35.0,2.0,266,medium,26,2024-03
0065-FVLHU,2021-01-06,Paid,2023-01-06,Standard,Annual,,,13.99,1058,15,0,aarav,India,Nagaland,Male,1982-06-22,,0,,,1455,low,42,
0066-RKHBU,2022-08-07,Refferal,2027-08-07,Standard,Annual,,,13.99,833,17,0,nikita,India,Rajasthan,Female,1994-09-09,,0,,,877,low,30,
0067-ZNYCZ,2021-03-17,Refferal,2021-09-17,Basic,Monthly,2022-12-04,Too expensive,7.99,338,74,1,aditya,India,Haryana,Female,1974-02-06,2022-10-21,1,14.0,1.0,627,high,50,2022-12
0068-CLSIP,2019-01-31,Organic,2023-01-31,Standard,Annual,2021-07-16,Service issues,13.99,789,42,1,harsh,India,Karnataka,Female,1987-09-10,2021-04-21,0,70.0,1.0,897,medium,37,2021-07
0069-EBLNU,2019-10-30,Organic,2020-04-30,Standard,Monthly,2020-10-17,Too expensive,14.99,359,82,1,ananya,India,Rajasthan,Female,1964-01-17,2020-08-14,0,66.0,1.0,353,high,60,2020-10
0070-YXQRD,2022-03-13,Paid,2024-03-13,Basic,Annual,2022-08-16,Poor streaming quality,6.99,80,79,1,nikita,India,Punjab,Female,1991-10-27,2022-07-08,1,38.0,2.0,156,high,33,2022-08
0071-KKHDK,2024-05-29,Paid,2024-06-29,Basic,Monthly,,,7.99,107,1,0,kriti,India,Telangana,Male,1981-05-10,2024-10-04,0,94.0,2.0,216,low,43,
0072-OKVHF,2023-07-27,Paid,2023-10-27,Standard,Monthly,2024-07-25,Service issues,14.99,325,82,1,yash,India,Haryana,Female,1986-02-04,2024-05-17,0,61.0,3.0,364,high,38,2024-07
0073-LRNUY,2019-09-10,Paid,2021-09-10,Standard,Monthly,2023-12-24,Too expensive,12.99,830,77,1,rahul,India,Uttar Pradesh,Male,1990-09-08,2023-10-29,1,10.0,3.0,1566,high,34,2023-12
0074-NQIVT,2020-02-07,Organic,2023-02-07,Standard,Annual,2021-02-05,Poor streaming quality,13.99,284,81,1,isha,India,Nagaland,Male,1971-05-20,2020-12-04,0,48.0,3.0,364,high,53,2021-02
0075-AGMWB,2024-08-30,Refferal,2025-08-30,Standard,Annual,,,14.99,107,7,0,priya,India,Telangana,Male,1999-03-12,,0,,,123,low,25,
0076-SMGRA,2021-07-13,Refferal,2023-07-13,Premium,Annual,,,22.99,2114,1,0,shreya,India,Tamil Nadu,Male,1964-02-22,2023-03-29,0,95.0,2.0,1267,low,60,
0077-LEYNB,2021-09-03,Organic,2022-03-03,Premium,Monthly,,,22.99,1464,26,0,yash,India,Nagaland,Male,1994-12-19,,0,,,1215,low,30,
0078-DMNOI,2024-06-24,Paid,2025-06-24,Standard,Monthly,,,13.99,127,10,0,kriti,India,Tamil Nadu,Female,1974-08-15,,0,,,190,low,50,
0079-VXLXL,2019-04-13,Organic,2022-04-13,Premium,Annual,,,21.99,2865,25,0,yash,India,Delhi,Female,1976-02-09,,0,,,2089,low,48,
0080-GGQTN,2020-06-18,Refferal,2023-06-18,Standard,Annual,,,13.99,1072,1,0,nisha,India,Uttar Pradesh,Male,1988-06-14,,0,,,1657,low,36,
0081-LSGIX,2024-02-05,Paid,2026-02-05,Standard,Monthly,,,13.99,273,22,0,isha,India,Karnataka,Male,1982-11-13,,0,,,330,low,42,
0082-GSSBK,2020-01-28,Organic,2022-01-28,Standard,Annual,,,12.99,1092,42,0,varun,India,Punjab,Female,1998-12-02,,0,,,1799,medium,26,
0083-BVKUY,2019-05-22,Paid,2019-08-22,Standard,Monthly,,,12.99,1317,1,0,zoya,India,Maharashtra,Female,1983-06-18,,0,,,2050,low,41,
0084-AJTWY,2020-12-29,Refferal,2021-03-29,Basic,Monthly,,,6.99,491,1,0,zoya,India,Telangana,Male,1980-12-22,,0,,,1463,low,44,
0085-FLAIR,2020-09-20,Refferal,2020-12-20,Basic,Monthly,,,7.99,697,24,0,yash,India,Telangana,Male,1978-07-25,,0,,,1563,low,46,
0086-XZNXP,2024-06-17,Refferal,2025-06-17,Premium,Annual,,,21.99,235,14,0,ananya,India,Uttar Pradesh,Male,1972-06-27,2026-05-05,0,86.0,1.0,197,low,52,
0087-QDMBJ,2019-10-21,Organic,2024-10-21,Basic,Annual,,,7.99,632,8,0,rohit,India,Nagaland,Female,1985-03-19,,0,,,1898,low,39,
0088-IWHYK,2020-10-18,Organic,2021-10-18,Standard,Monthly,2023-03-16,Switched to competitor,12.99,785,84,1,sahil,India,Gujarat,Male,1992-11-21,2023-02-08,1,35.0,1.0,879,high,32,2023-03
0089-OZJQU,2019-12-08,Organic,2022-12-08,Standard,Annual,,,13.99,1244,15,0,shreya,India,Uttar Pradesh,Male,1970-10-10,,0,,,1850,low,54,
0090-AGVQG,2020-11-08,Organic,2021-02-08,Standard,Monthly,,,14.99,1021,6,0,harsh,India,Gujarat,Male,1969-04-17,,0,,,1514,low,55,
0091-YMGJP,2022-06-21,Organic,2022-07-21,Premium,Monthly,2023-03-16,Switched to competitor,22.99,420,87,1,rahul,India,Tamil Nadu,Male,1981-10-09,2023-01-12,1,15.0,3.0,268,high,43,2023-03
0092-CAIRY,2022-05-24,Paid,2022-06-24,Premium,Monthly,,,22.99,1207,9,0,ananya,India,Telangana,Male,1994-01-31,,0,,,952,low,30,
0093-PVGSH,2024-07-26,Refferal,2025-07-26,Standard,Annual,,,14.99,97,27,0,tanya,India,Uttar Pradesh,Male,1971-12-04,2026-07-28,0,76.0,2.0,158,low,53,
0094-ZUJLJ,2023-03-26,Paid,2025-03-26,Basic,Monthly,,,7.99,228,40,0,aarav,India,Punjab,Female,1991-11-09,,0,,,646,medium,33,
0095-WVCYQ,2022-06-01,Organic,2022-12-01,Standard,Monthly,,,14.99,981,19,0,priya,India,Kerala,Female,1998-06-06,2024-04-08,0,75.0,2.0,944,low,26,
0096-DENQQ,2024-02-28,Organic,2025-02-28,Standard,Annual,,,14.99,186,26,0,yash,India,Bihar,Female,1964-03-01,,0,,,307,low,60,
0097-LTGWV,2019-04-20,Organic,2019-10-20,Premium,Monthly,,,22.99,2819,6,0,yash,India,Karnataka,Female,1988-06-20,,0,,,2082,low,36,
0098-GMPJA,2023-03-05,Paid,2026-03-05,Premium,Annual,2024-12-31,Poor streaming quality,21.99,779,71,1,kavya,India,Delhi,Female,1973-02-11,2024-11-14,1,34.0,2.0,667,high,51,2024-12
0099-JGHPW,2019-12-03,Organic,2020-03-03,Premium,Monthly,2022-03-28,Service issues,23.99,1313,64,1,ananya,India,Maharashtra,Male,1988-08-03,2022-01-08,0,49.0,3.0,846,medium,36,2022-03
0100-GKOGM,2021-12-21,Paid,2022-12-21,Premium,Annual,,,22.99,1190,10,0,yash,India,West Bengal,Female,1983-11-26,,0,,,1106,low,41,
0101-UCFRH,2021-06-24,Organic,2022-06-24,Premium,Monthly,,,23.99,1831,18,0,zoya,India,Haryana,Female,1988-08-26,,0,,,1286,low,36,
0102-OIZOJ,2022-07-02,Refferal,2023-01-02,Standard,Monthly,2024-05-05,Not enough content,13.99,483,78,1,nisha,India,Meghalaya,Female,1991-04-27,2024-03-30,1,17.0,4.0,673,high,33,2024-05
0103-FSITY,2019-02-19,Refferal,2019-08-19,Basic,Monthly,,,6.99,621,11,0,kavya,India,West Bengal,Male,1985-09-29,2019-11-12,0,81.0,1.0,2142,low,39,
0104-FMSZN,2019-01-19,Paid,2020-01-19,Standard,Annual,2020-08-05,Poor streaming quality,13.99,573,77,1,rahul,India,Karnataka,Male,1967-11-24,2020-07-08,0,57.0,4.0,564,high,57,2020-08
0105-FEANH,2024-08-29,Organic,2026-08-29,Basic,Annual,,,6.99,80,1,0,priya,India,Maharashtra,Female,1974-05-21,,0,,,124,low,50,
0106-YQTCA,2021-12-30,Refferal,2022-12-30,Basic,Monthly,,,7.99,572,9,0,zoya,India,Meghalaya,Female,1992-03-02,,0,,,1097,low,32,
0107-LEBYM,2021-04-30,Refferal,2022-04-30,Basic,Annual,,,7.99,492,4,0,tanvi,India,Kerala,Male,1996-02-27,,0,,,1341,low,28,
0108-MPRDV,2022-09-28,Paid,2023-03-28,Basic,Monthly,,,7.99,458,37,0,meera,India,Meghalaya,Male,2002-01-23,2024-07-10,0,70.0,1.0,825,low,22,
0109-DTPUF,2019-01-07,Paid,2021-01-07,Standard,Annual,,,14.99,1488,17,0,yash,India,Punjab,Female,1970-01-19,2019-07-10,0,99.0,1.0,2185,low,54,
0110-XHPLO,2021-02-21,Organic,2021-03-21,Basic,Monthly,2022-10-21,Switched to competitor,7.99,224,80,1,shreya,India,Haryana,Male,1987-06-23,2022-07-31,0,69.0,3.0,607,high,37,2022-10
0111-FFREE,2022-01-21,Paid,2025-01-21,Premium,Annual,2024-09-19,Switched to competitor,22.99,1453,83,1,varun,India,Delhi,Male,1972-05-05,2024-07-31,1,13.0,1.0,972,high,52,2024-09
0112-LPHGS,2022-07-31,Refferal,2025-07-31,Basic,Annual,,,7.99,297,19,0,ananya,India,West Bengal,Female,1992-09-20,,0,,,884,low,32,
0113-RYUQR,2021-04-14,Paid,2022-04-14,Basic,Monthly,2022-12-08,Too expensive,7.99,268,85,1,diya,India,Telangana,Male,1977-05-06,2022-11-01,0,28.0,3.0,603,high,47,2022-12
0114-FDGDB,2022-06-13,Organic,2026-06-13,Standard,Annual,,,13.99,847,27,0,kriti,India,Tamil Nadu,Female,1992-02-10,,0,,,932,low,32,
0115-TOHDR,2020-08-06,Organic,2024-08-06,Standard,Annual,,,12.99,1336,41,0,nisha,India,West Bengal,Female,1974-02-09,,0,,,1608,medium,50,
0116-NMCBL,2022-03-25,Paid,2026-03-25,Premium,Annual,,,22.99,1001,15,0,aarav,India,Rajasthan,Female,1993-11-17,,0,,,1012,low,31,
0117-CZVOY,2020-11-13,Organic,2021-11-13,Standard,Annual,,,14.99,1408,37,0,harsh,India,Tamil Nadu,Female,1972-04-01,,0,,,1509,low,52,
0118-BTMQX,2020-06-02,Organic,2020-09-02,Basic,Monthly,,,7.99,648,23,0,manish,India,Delhi,Female,1965-06-03,2023-07-30,0,91.0,2.0,1673,low,59,
0119-VZMKI,2022-07-05,Refferal,2024-07-05,Basic,Annual,,,7.99,438,25,0,rohit,India,Karnataka,Male,1975-02-16,,0,,,910,low,49,
0120-KMRKT,2021-01-31,Organic,2024-01-31,Premium,Annual,,,22.99,2315,28,0,ananya,India,Maharashtra,Female,1978-03-12,,0,,,1430,low,46,
0121-IIZKN,2020-05-27,Refferal,2024-05-27,Premium,Annual,,,22.99,1853,21,0,varun,India,Maharashtra,Female,1978-07-19,,0,,,1679,low,46,
0122-BNQML,2022-06-27,Paid,2023-06-27,Basic,Monthly,,,8.99,332,37,0,nisha,India,Maharashtra,Male,1971-06-07,,0,,,918,low,53,
0123-OYLSD,2019-12-19,Refferal,2020-01-19,Premium,Monthly,,,22.99,1962,6,0,priya,India,Uttar Pradesh,Male,1985-01-02,,0,,,1839,low,39,
0124-EOOCZ,2024-06-09,Refferal,2026-06-09,Standard,Monthly,,,13.99,199,22,0,yash,India,Bihar,Male,1998-10-02,,0,,,205,low,26,
0125-YQEYH,2020-07-22,Refferal,2021-07-22,Basic,Annual,,,7.99,800,12,0,varun,India,West Bengal,Female,1992-04-25,,0,,,1623,low,32,
0126-VZGOJ,2019-01-03,Organic,2021-01-03,Standard,Annual,,,12.99,1186,31,0,ananya,India,Bihar,Male,1991-10-29,,0,,,2189,low,33,
0127-HUKYN,2021-06-11,Refferal,2026-06-11,Standard,Annual,,,14.99,1299,35,0,rahul,India,Kerala,Male,1994-04-03,,0,,,1299,low,30,
0128-SVPRW,2019-12-18,Refferal,2021-12-18,Basic,Annual,2022-07-24,Not enough content,7.99,499,73,1,sneha,India,Punjab,Female,2003-12-01,2022-06-29,1,23.0,1.0,949,high,21,2022-07
0129-ITJYW,2021-07-05,Refferal,2021-08-05,Standard,Monthly,2022-12-09,Too expensive,13.99,388,52,1,meera,India,Haryana,Female,2002-11-29,2022-09-26,0,42.0,3.0,522,medium,22,2022-12
0130-WKIMX,2022-02-19,Paid,2022-05-19,Premium,Monthly,,,23.99,1075,40,0,nikita,India,Telangana,Female,1965-11-19,2023-05-25,0,68.0,2.0,1046,medium,59,
0131-UQDZD,2020-12-09,Organic,2022-12-09,Premium,Monthly,,,22.99,2358,23,0,anjali,India,Haryana,Female,1977-01-31,,0,,,1483,low,47,
0132-WLNLS,2021-04-05,Organic,2023-04-05,Premium,Annual,,,23.99,1912,16,0,ananya,India,Telangana,Male,2003-06-09,,0,,,1366,low,21,
0133-MZISQ,2021-03-17,Organic,2025-03-17,Basic,Annual,,,6.99,653,1,0,nikita,India,Kerala,Female,1993-09-29,,0,,,1385,low,31,
0134-WJIST,2023-05-11,Organic,2026-05-11,Standard,Annual,,,13.99,336,30,0,kriti,India,Kerala,Male,1970-12-08,,0,,,600,low,54,
0135-BQXZT,2019-01-20,Organic,2024-01-20,Standard,Annual,,,13.99,1433,38,0,shreya,India,Telangana,Male,1984-07-11,,0,,,2172,low,40,
0136-QWLSX,2019-05-05,Paid,2021-05-05,Basic,Annual,2020-01-18,Switched to competitor,7.99,104,62,1,rahul,India,Rajasthan,Male,1977-02-21,2019-12-11,1,20.0,3.0,258,medium,47,2020-01
0137-JLGKR,2020-12-23,Organic,2022-12-23,Standard,Monthly,,,13.99,895,14,0,ishaan,India,Delhi,Male,1968-04-20,,0,,,1469,low,56,
0138-CWQGX,2019-07-29,Organic,2021-07-29,Standard,Monthly,,,13.99,1149,35,0,yash,India,Delhi,Male,1998-01-03,,0,,,1982,low,26,
0139-QLRXM,2020-03-16,Paid,2022-03-16,Premium,Monthly,,,22.99,2913,13,0,ananya,India,Meghalaya,Male,1964-06-21,,0,,,1751,low,60,
0140-LIPQL,2021-11-02,Paid,2021-12-02,Standard,Monthly,2024-11-30,Poor streaming quality,13.99,855,85,1,kavya,India,Gujarat,Female,1989-05-03,2024-09-19,0,45.0,4.0,1124,high,35,2024-11
0141-ZWCJJ,2021-05-08,Refferal,2023-05-08,Premium,Annual,,,23.99,1981,31,0,aarav,India,Meghalaya,Female,1988-07-16,,0,,,1333,low,36,
0142-ZRHOR,2021-01-05,Organic,2021-07-05,Standard,Monthly,2024-06-12,Switched to competitor,13.99,852,72,1,rahul,India,Bihar,Female,1981-03-31,2024-03-17,1,57.0,2.0,1254,high,43,2024-06
0143-UFUFE,2023-05-06,Paid,2027-05-06,Premium,Annual,2024-09-04,Poor streaming quality,22.99,701,95,1,manish,India,Uttar Pradesh,Male,2003-05-21,2024-08-25,0,69.0,4.0,487,high,21,2024-09
0144-CQBUA,2019-03-22,Paid,2024-03-22,Basic,Annual,,,7.99,992,29,0,ananya,India,Rajasthan,Male,1968-01-06,2021-02-13,0,96.0,2.0,2111,low,56,
0145-XIKFU,2021-02-22,Refferal,2021-08-22,Basic,Monthly,,,7.99,520,30,0,dev,India,Bihar,Female,1972-02-23,,0,,,1408,low,52,
0146-NHEXY,2024-05-09,Organic,2026-05-09,Standard,Annual,,,13.99,178,29,0,sahil,India,Tamil Nadu,Female,1981-04-10,,0,,,236,low,43,
0147-WUMBT,2022-06-29,Organic,2023-06-29,Standard,Monthly,,,12.99,485,24,0,tanya,India,Nagaland,Female,1974-02-16,,0,,,916,low,50,
0148-OCKGD,2024-05-28,Organic,2025-05-28,Standard,Monthly,,,13.99,135,19,0,harsh,India,Rajasthan,Female,1966-10-15,2026-06-20,0,78.0,2.0,217,low,58,
0149-JQJRM,2022-04-20,Refferal,2022-10-20,Basic,Monthly,,,7.99,427,24,0,kriti,India,Haryana,Female,1968-05-14,2025-07-03,0,86.0,2.0,986,low,56,
0150-FBVXH,2019-10-08,Refferal,2020-01-08,Standard,Monthly,,,13.99,1109,23,0,isha,India,Telangana,Male,1975-06-25,,0,,,1911,low,49,
0151-BAZDG,2024-03-11,Organic,2025-03-11,Premium,Annual,,,22.99,399,25,0,tanvi,India,Punjab,Male,2001-02-01,,0,,,295,low,23,
0152-LRTYK,2023-01-26,Refferal,2023-07-26,Basic,Monthly,2024-07-29,Too expensive,7.99,297,73,1,manish,India,Bihar,Female,1969-11-16,2024-07-11,1,51.0,4.0,550,high,55,2024-07
0153-CMKYA,2023-01-26,Refferal,2024-01-26,Premium,Annual,,,23.99,1224,26,0,yash,India,Rajasthan,Male,1965-02-07,,0,,,705,low,59,
0154-LGJZJ,2021-07-08,Organic,2022-07-08,Standard,Annual,,,14.99,1151,21,0,aditya,India,Bihar,Female,1996-01-27,2021-11-20,0,91.0,2.0,1272,low,28,
0155-KEDWL,2019-07-02,Refferal,2020-07-02,Basic,Monthly,2023-11-15,Too expensive,7.99,537,75,1,aditya,India,Uttar Pradesh,Male,2002-08-25,2023-08-29,1,44.0,4.0,1597,high,22,2023-11
0156-UGDOB,2019-11-19,Refferal,2020-05-19,Standard,Monthly,,,13.99,1799,26,0,harsh,India,Tamil Nadu,Male,1969-05-21,,0,,,1869,low,55,
0157-FWIDX,2022-08-05,Organic,2024-08-05,Basic,Monthly,,,6.99,283,31,0,isha,India,Maharashtra,Female,1988-11-16,,0,,,879,low,36,
0158-ZOUCW,2022-02-09,Paid,2022-08-09,Standard,Monthly,2024-11-10,Too expensive,13.99,805,85,1,tanya,India,Maharashtra,Female,1999-06-01,2024-09-07,1,60.0,4.0,1005,high,25,2024-11
0159-UPAGD,2021-11-11,Refferal,2024-11-11,Standard,Annual,,,13.99,1165,12,0,sahil,India,Telangana,Male,1978-05-23,2024-04-17,0,89.0,2.0,1146,low,46,
0160-BLJPL,2019-04-17,Paid,2019-05-17,Premium,Monthly,,,23.99,3064,18,0,sahil,India,Nagaland,Male,1967-07-29,,0,,,2085,low,57,
0161-UWNLZ,2020-02-10,Paid,2024-02-10,Standard,Annual,,,12.99,1319,11,0,tanvi,India,Maharashtra,Female,1989-05-17,,0,,,1786,low,35,
0162-LCSLX,2023-09-02,Organic,2027-09-02,Standard,Annual,2024-06-26,Poor streaming quality,13.99,299,91,1,ananya,India,Haryana,Male,1993-06-10,2024-06-15,0,54.0,3.0,298,high,31,2024-06
0163-DQPSJ,2019-08-21,Organic,2020-02-21,Basic,Monthly,,,7.99,812,23,0,yash,India,Haryana,Female,1970-10-30,,0,,,1959,low,54,
0164-NLUCR,2023-07-12,Organic,2025-07-12,Basic,Monthly,2024-11-16,Service issues,7.99,264,70,1,varun,India,West Bengal,Male,1980-04-02,2024-11-09,0,39.0,2.0,493,high,44,2024-11
0165-LFILK,2020-03-08,Organic,2022-03-08,Basic,Annual,2022-02-27,Switched to competitor,7.99,255,75,1,rohit,India,Rajasthan,Female,1991-10-27,2021-12-25,0,20.0,1.0,721,high,33,2022-02
0166-RJDXB,2020-07-26,Organic,2020-10-26,Basic,Monthly,,,6.99,779,11,0,ananya,India,Kerala,Male,1978-05-12,,0,,,1619,low,46,
0167-LTJDB,2022-08-02,Refferal,2026-08-02,Premium,Annual,,,21.99,1143,32,0,nikita,India,Punjab,Female,1984-08-05,2022-12-04,0,79.0,2.0,882,low,40,
0168-DJRTW,2023-05-23,Organic,2027-05-23,Basic,Annual,,,7.99,237,1,0,rahul,India,West Bengal,Male,1964-11-18,,0,,,588,low,60,
0169-PJPFR,2024-02-12,Paid,2026-02-12,Basic,Monthly,2024-10-03,Too expensive,8.99,112,68,1,sneha,India,Kerala,Male,2001-05-17,2024-09-13,1,55.0,1.0,234,medium,23,2024-10
0170-VJTOU,2024-06-16,Organic,2025-06-16,Standard,Annual,,,14.99,185,18,0,kriti,India,Kerala,Male,1973-11-11,,0,,,198,low,51,
0171-YVGES,2024-09-29,Refferal,2026-09-29,Basic,Monthly,2024-06-04,Poor streaming quality,6.99,80,86,1,sneha,India,Bihar,Female,1980-08-15,2024-05-12,0,57.0,4.0,1,high,44,2024-06
0172-AWOKD,2023-11-02,Refferal,2025-11-02,Standard,Monthly,2024-05-27,Switched to competitor,13.99,151,92,1,tanvi,India,Karnataka,Male,1990-04-04,2024-03-15,1,15.0,4.0,207,high,34,2024-05
0173-KIJSU,2020-05-11,Paid,2021-05-11,Standard,Monthly,,,13.99,1267,17,0,aditya,India,Haryana,Male,1976-11-01,,0,,,1695,low,48,
0174-ETBCL,2021-05-14,Paid,2025-05-14,Basic,Annual,2022-03-10,Not enough content,7.99,159,93,1,varun,India,Gujarat,Female,1994-09-18,2022-02-20,0,21.0,1.0,300,high,30,2022-03
0175-HTCLH,2020-03-20,Organic,2021-03-20,Basic,Annual,,,6.99,833,20,0,dev,India,Uttar Pradesh,Female,1966-01-27,,0,,,1747,low,58,
0176-RBKPA,2020-04-16,Organic,2021-04-16,Basic,Monthly,,,8.99,1055,34,0,shreya,India,Meghalaya,Male,1979-02-25,,0,,,1720,low,45,
0177-DGIAT,2019-06-02,Organic,2020-06-02,Premium,Monthly,,,22.99,3013,21,0,tanvi,India,Delhi,Male,1998-11-04,,0,,,2039,low,26,
0178-NFORJ,2024-05-24,Paid,2025-05-24,Premium,Monthly,,,21.99,258,1,0,varun,India,Telangana,Male,1983-07-01,2027-08-21,0,87.0,1.0,221,low,41,
0179-AXWOO,2022-05-08,Organic,2026-05-08,Premium,Annual,,,23.99,1690,17,0,rahul,India,West Bengal,Female,1975-03-10,2023-07-06,0,60.0,2.0,968,low,49,
0180-CAIUQ,2024-04-11,Paid,2026-04-11,Standard,Monthly,2024-04-13,Poor streaming quality,13.99,80,80,1,anjali,India,Karnataka,Female,1988-05-23,2024-04-04,0,46.0,2.0,2,high,36,2024-04
0181-GPNKI,2024-08-19,Organic,2025-08-19,Premium,Monthly,,,22.99,128,11,0,rohit,India,Rajasthan,Male,1981-05-26,2026-03-04,0,73.0,1.0,134,low,43,
0182-UBQNF,2021-11-06,Organic,2022-02-06,Premium,Monthly,,,21.99,1743,13,0,sneha,India,Tamil Nadu,Female,1982-09-29,,0,,,1151,low,42,
0183-SVVGD,2020-04-13,Paid,2024-04-13,Basic,Annual,,,8.99,1003,48,0,kriti,India,Nagaland,Male,1999-05-15,2021-02-06,0,99.0,1.0,1723,medium,25,
0184-DTBYQ,2024-05-02,Paid,2026-05-02,Standard,Monthly,2024-12-13,Not enough content,13.99,220,76,1,nikita,India,Tamil Nadu,Female,1993-01-12,2024-11-11,1,45.0,4.0,225,high,31,2024-12
0185-YOQQW,2022-11-24,Organic,2023-02-24,Basic,Monthly,2023-06-16,Poor streaming quality,6.99,84,61,1,ananya,India,Delhi,Female,1998-06-23,2023-06-10,1,11.0,4.0,204,medium,26,2023-06
0186-MQUPJ,2023-10-04,Refferal,2027-10-04,Standard,Annual,,,13.99,353,2,0,yash,India,Karnataka,Female,1975-08-28,,0,,,454,low,49,
0187-LBVBW,2019-05-24,Organic,2023-05-24,Basic,Annual,,,7.99,696,26,0,kriti,India,Kerala,Male,1990-05-11,,0,,,2048,low,34,
0188-PJPYT,2023-12-04,Organic,2027-12-04,Basic,Annual,,,7.99,183,12,0,tanya,India,Maharashtra,Female,1994-09-18,,0,,,393,low,30,
0189-OEPNY,2020-08-20,Organic,2023-08-20,Standard,Annual,,,14.99,1132,10,0,tanya,India,Gujarat,Male,1986-12-01,2022-11-26,0,78.0,2.0,1594,low,38,
0190-XISNE,2020-11-25,Refferal,2025-11-25,Basic,Annual,,,7.99,848,20,0,yash,India,Nagaland,Female,1985-12-02,,0,,,1497,low,39,
0191-NPJXK,2022-07-25,Paid,2026-07-25,Standard,Annual,2024-08-09,Poor streaming quality,12.99,533,79,1,tanya,India,Uttar Pradesh,Male,1985-01-13,2024-06-24,0,44.0,4.0,746,high,39,2024-08
0192-QIIOK,2024-07-13,Organic,2024-08-13,Basic,Monthly,,,7.99,80,16,0,rohit,India,Meghalaya,Male,1975-12-21,,0,,,171,low,49,
0193-CRXIR,2024-08-10,Paid,2026-08-10,Basic,Annual,,,7.99,80,16,0,isha,India,Uttar Pradesh,Female,1987-11-07,,0,,,143,low,37,
0194-PYIJU,2020-04-29,Refferal,2025-04-29,Premium,Annual,,,22.99,2331,23,0,nikita,India,Kerala,Male,1976-09-27,,0,,,1707,low,48,
0195-SYZXC,2023-04-26,Paid,2025-04-26,Standard,Annual,,,12.99,400,29,0,dev,India,Uttar Pradesh,Female,1995-05-03,,0,,,615,low,29,
0196-JJEFY,2023-10-15,Refferal,2025-10-15,Premium,Monthly,,,21.99,571,20,0,meera,India,Gujarat,Male,1978-06-16,,0,,,443,low,46,
0197-ZEHUN,2020-01-02,Paid,2023-01-02,Standard,Annual,,,13.99,1667,12,0,nikita,India,Punjab,Male,2001-10-10,2020-06-28,0,94.0,2.0,1825,low,23,
0198-ITDJE,2024-08-29,Organic,2025-08-29,Basic,Monthly,,,7.99,80,16,0,sahil,India,Kerala,Male,2003-02-26,2024-12-12,1,83.0,2.0,124,low,21,
0199-LKRGL,2021-12-25,Organic,2022-01-25,Standard,Monthly,,,14.99,772,23,0,meera,India,Meghalaya,Female,1976-11-07,2022-02-05,0,97.0,2.0,1102,low,48,
0200-NIVMV,2023-08-25,Refferal,2028-08-25,Standard,Annual,,,14.99,307,28,0,yash,India,Rajasthan,Female,1984-04-05,,0,,,494,low,40,
0201-UUNKE,2020-04-16,Organic,2020-10-16,Standard,Monthly,,,13.99,1533,7,0,nisha,India,Nagaland,Male,1983-03-12,,0,,,1720,low,41,
0202-BMJYS,2019-04-07,Organic,2019-10-07,Standard,Monthly,2021-07-07,Service issues,13.99,537,71,1,rahul,India,Kerala,Male,1971-06-08,2021-06-22,1,18.0,2.0,822,high,53,2021-07
0203-CELNV,2024-04-27,Refferal,2029-04-27,Basic,Annual,2024-03-15,Switched to competitor,7.99,80,79,1,yash,India,Bihar,Male,1981-03-19,2024-02-26,0,21.0,4.0,1,high,43,2024-03
0204-XYKKJ,2019-06-14,Paid,2022-06-14,Standard,Annual,2022-10-27,Not enough content,14.99,1051,60,1,meera,India,Karnataka,Female,1983-07-13,2022-10-20,0,54.0,3.0,1231,medium,41,2022-10
0205-AYVQU,2022-02-17,Organic,2026-02-17,Standard,Annual,2024-06-02,Too expensive,13.99,615,57,1,zoya,India,Maharashtra,Female,1995-01-21,2024-04-10,0,15.0,4.0,836,medium,29,2024-06
0206-SDSLA,2023-12-11,Paid,2028-12-11,Basic,Annual,2024-03-10,Switched to competitor,7.99,80,63,1,kavya,India,Maharashtra,Female,1977-02-22,2024-01-21,1,50.0,1.0,90,medium,47,2024-03
0207-VOSNC,2020-12-14,Organic,2021-03-14,Premium,Monthly,,,22.99,2438,22,0,rahul,India,Meghalaya,Male,2002-07-23,,0,,,1478,low,22,
0208-DGQQB,2020-06-11,Paid,2020-07-11,Premium,Monthly,2023-09-20,Not enough content,23.99,1543,75,1,manish,India,Haryana,Male,1998-10-17,2023-09-08,1,37.0,1.0,1196,high,26,2023-09
0209-NGDLP,2021-07-15,Organic,2025-07-15,Basic,Annual,,,8.99,762,29,0,ishaan,India,Nagaland,Female,1985-09-05,2022-12-10,0,73.0,1.0,1265,low,39,
0210-RCZBN,2021-04-07,Paid,2021-05-07,Standard,Monthly,,,13.99,1261,10,0,tanvi,India,Punjab,Male,1974-11-26,,0,,,1364,low,50,
0211-WBKJT,2023-10-18,Refferal,2024-04-18,Standard,Monthly,2024-10-11,Poor streaming quality,12.99,271,81,1,sneha,India,Tamil Nadu,Male,1989-07-23,2024-07-20,1,69.0,4.0,359,high,35,2024-10
0212-GRCPT,2022-01-30,Organic,2022-07-30,Premium,Monthly,,,22.99,1368,34,0,sneha,India,Delhi,Male,1991-11-07,,0,,,1066,low,33,
0213-OVEUM,2024-08-15,Refferal,2024-11-15,Basic,Monthly,,,6.99,80,12,0,manish,India,West Bengal,Female,2003-01-27,,0,,,138,low,21,
0214-EDSYA,2024-09-03,Refferal,2025-03-03,Standard,Monthly,,,12.99,112,26,0,tanya,India,Nagaland,Male,1969-09-03,,0,,,119,low,55,
0215-FBYNZ,2022-01-19,Organic,2022-04-19,Basic,Monthly,2024-05-02,Service issues,7.99,344,72,1,aditya,India,Gujarat,Female,1983-08-25,2024-04-15,1,51.0,3.0,834,high,41,2024-05
0216-TEJUW,2020-09-29,Refferal,2020-10-29,Standard,Monthly,,,14.99,1315,25,0,anjali,India,Rajasthan,Female,1967-04-06,,0,,,1554,low,57,
0217-ULKLY,2019-03-23,Paid,2019-04-23,Basic,Monthly,,,7.99,1075,14,0,zoya,India,Rajasthan,Male,1997-04-17,,0,,,2110,low,27,
0218-RJUGC,2022-12-09,Paid,2023-06-09,Basic,Monthly,,,6.99,229,17,0,varun,India,Telangana,Male,1993-12-18,2024-12-25,0,98.0,1.0,753,low,31,
0219-PVOIC,2023-05-14,Organic,2023-11-14,Basic,Monthly,2024-03-12,Poor streaming quality,7.99,113,77,1,kriti,India,Meghalaya,Female,1979-12-23,2024-02-10,1,30.0,2.0,303,high,45,2024-03
0220-SELLS,2020-09-04,Paid,2021-09-04,Premium,Annual,,,23.99,2645,12,0,kriti,India,Bihar,Female,1973-04-09,,0,,,1579,low,51,
0221-ZHZYB,2023-11-08,Refferal,2024-02-08,Premium,Monthly,,,23.99,433,1,0,sneha,India,Uttar Pradesh,Female,1986-03-26,,0,,,419,low,38,
0222-NTEAW,2020-08-03,Refferal,2020-11-03,Premium,Monthly,,,23.99,1600,7,0,aditya,India,Uttar Pradesh,Female,2000-01-09,,0,,,1611,low,24,
0223-DGQJY,2021-05-19,Organic,2021-11-19,Basic,Monthly,,,6.99,470,21,0,nikita,India,Maharashtra,Male,1967-07-30,,0,,,1322,low,57,
0224-LJLBD,2023-04-04,Paid,2024-04-04,Basic,Monthly,2024-07-19,Poor streaming quality,7.99,249,99,1,manish,India,Telangana,Female,1977-01-13,2024-06-12,1,60.0,2.0,472,high,47,2024-07
0225-HYAEN,2021-11-09,Paid,2023-11-09,Basic,Annual,2024-09-04,Service issues,6.99,461,81,1,shreya,India,Karnataka,Female,1999-08-26,2024-08-06,0,67.0,2.0,1030,high,25,2024-09
0226-GLZHX,2022-03-30,Refferal,2022-04-30,Standard,Monthly,,,13.99,1003,19,0,anjali,India,Gujarat,Male,1988-11-18,,0,,,1007,low,36,
0227-DBESZ,2020-07-02,Paid,2021-01-02,Basic,Monthly,,,6.99,644,11,0,nikita,India,Tamil Nadu,Female,1991-02-17,2021-01-30,0,100.0,2.0,1643,low,33,
0228-JBOXW,2023-06-07,Refferal,2023-09-07,Basic,Monthly,,,6.99,185,12,0,tanya,India,West Bengal,Male,1989-04-07,,0,,,573,low,35,
0229-JFZUG,2021-05-23,Paid,2022-05-23,Basic,Annual,2022-02-02,Not enough content,8.99,148,73,1,diya,India,Maharashtra,Female,1972-01-20,2022-01-02,1,49.0,3.0,255,high,52,2022-02
0230-OMZDW,2021-04-24,Organic,2023-04-24,Basic,Monthly,,,6.99,497,28,0,tanvi,India,Karnataka,Female,2001-06-17,,0,,,1347,low,23,
0231-ZSNTV,2020-06-18,Paid,2020-09-18,Basic,Monthly,2024-05-14,Switched to competitor,7.99,801,71,1,manish,India,Delhi,Female,1965-09-14,2024-05-12,0,26.0,2.0,1426,high,59,2024-05
0232-BMNDV,2022-01-01,Paid,2026-01-01,Basic,Annual,,,6.99,490,35,0,shreya,India,Punjab,Male,1973-12-22,2023-07-04,1,88.0,2.0,1095,low,51,
0233-ZLXBD,2021-12-02,Paid,2025-12-02,Standard,Annual,,,13.99,850,6,0,ishaan,India,Delhi,Female,1969-04-03,2022-04-26,0,66.0,2.0,1125,low,55,
0234-EYFYN,2022-09-23,Paid,2022-12-23,Basic,Monthly,2024-05-16,Poor streaming quality,7.99,289,77,1,nisha,India,Kerala,Male,1965-11-02,2024-05-08,1,21.0,1.0,601,high,59,2024-05
0235-FYHQP,2023-01-27,Organic,2024-01-27,Basic,Monthly,2024-05-26,Switched to competitor,7.99,211,77,1,harsh,India,Punjab,Male,1985-10-06,2024-02-28,0,22.0,4.0,485,high,39,2024-05
0236-YERSP,2021-10-17,Paid,2022-04-17,Standard,Monthly,,,13.99,750,1,0,aarav,India,Kerala,Male,1989-11-09,2023-02-17,0,91.0,1.0,1171,low,35,
0237-CYUGF,2020-08-26,Refferal,2021-08-26,Standard,Annual,2024-03-08,Service issues,12.99,780,85,1,zoya,India,Telangana,Male,1990-10-17,2024-02-29,0,26.0,2.0,1290,high,34,2024-03
0238-XOQHG,2019-10-07,Organic,2023-10-07,Standard,Annual,,,13.99,1399,23,0,rahul,India,Tamil Nadu,Female,1986-10-17,,0,,,1912,low,38,
0239-LREKM,2023-12-29,Organic,2024-12-29,Basic,Annual,,,8.99,227,14,0,rohit,India,Rajasthan,Male,2003-12-08,,0,,,368,low,21,
0240-WIZIK,2023-01-25,Organic,2023-07-25,Basic,Monthly,,,6.99,277,1,0,dev,India,Tamil Nadu,Female,1982-09-19,,0,,,706,low,42,
0241-OIMGG,2023-07-29,Organic,2028-07-29,Premium,Annual,2024-04-02,Switched to competitor,22.99,307,94,1,tanvi,India,Maharashtra,Female,1973-09-27,2024-01-14,0,50.0,1.0,248,high,51,2024-04
0242-WKZXV,2019-05-09,Organic,2024-05-09,Standard,Annual,,,13.99,1821,20,0,kavya,India,Bihar,Female,1981-11-14,2020-08-08,0,95.0,2.0,2063,low,43,
0243-TMNMI,2024-07-23,Organic,2024-08-23,Basic,Monthly,2024-10-11,Switched to competitor,6.99,80,79,1,dev,India,Karnataka,Female,1970-05-30,2024-10-07,1,55.0,2.0,80,high,54,2024-10
0244-LGPBH,2023-11-09,Refferal,2024-05-09,Standard,Monthly,2024-08-24,Service issues,13.99,282,69,1,rahul,India,Bihar,Female,1972-04-23,2024-07-20,0,23.0,3.0,289,medium,52,2024-08
0245-NWLWS,2023-05-01,Paid,2025-05-01,Basic,Annual,,,8.99,295,38,0,sneha,India,Tamil Nadu,Female,1967-01-11,,0,,,610,low,57,
0246-BBOJH,2020-02-18,Organic,2025-02-18,Basic,Annual,,,7.99,994,9,0,shreya,India,Telangana,Female,1970-11-27,2023-03-13,0,68.0,1.0,1778,low,54,
0247-OVQPD,2024-05-04,Paid,2026-05-04,Standard,Monthly,,,14.99,228,16,0,sneha,India,Karnataka,Female,1975-07-15,,0,,,241,low,49,
0248-UIYTF,2020-11-08,Paid,2023-11-08,Standard,Annual,,,13.99,881,1,0,dev,India,Punjab,Female,1984-03-01,2020-12-15,0,73.0,1.0,1514,low,40,
0249-BBSUN,2022-04-15,Paid,2023-04-15,Standard,Monthly,,,13.99,802,23,0,rohit,India,Delhi,Male,1972-05-17,,0,,,991,low,52,
0250-YIKQV,2019-02-22,Paid,2019-05-22,Basic,Monthly,,,8.99,1239,13,0,dev,India,Haryana,Female,2000-10-26,,0,,,2139,low,24,
0251-VNSHV,2020-04-10,Paid,2022-04-10,Standard,Annual,,,13.99,1262,1,0,nikita,India,Rajasthan,Female,1989-06-26,,0,,,1726,low,35,
0252-CKHXW,2020-11-24,Organic,2022-11-24,Basic,Monthly,,,7.99,786,19,0,kriti,India,Uttar Pradesh,Male,1969-08-15,2021-09-24,0,73.0,1.0,1498,low,55,
0253-MZUUP,2023-08-10,Refferal,2025-08-10,Standard,Monthly,,,12.99,386,31,0,harsh,India,West Bengal,Male,1967-05-10,,0,,,509,low,57,
0254-MNSUJ,2022-01-01,Paid,2022-02-01,Premium,Monthly,,,22.99,1051,29,0,aditya,India,Kerala,Male,1975-09-22,,0,,,1095,low,49,
0255-OSELK,2022-06-11,Paid,2027-06-11,Standard,Annual,,,12.99,576,12,0,varun,India,Telangana,Male,1989-11-09,2022-11-27,0,69.0,2.0,934,low,35,
0256-NPMWS,2024-04-04,Paid,2024-07-04,Basic,Monthly,2024-08-23,Too expensive,7.99,80,78,1,diya,India,Punjab,Male,1966-03-05,2024-08-09,0,65.0,4.0,141,high,58,2024-08
0257-IRNIE,2022-02-04,Organic,2023-02-04,Standard,Annual,,,14.99,906,9,0,diya,India,Bihar,Female,1972-09-02,,0,,,1061,low,52,
0258-JUSQS,2019-01-27,Organic,2021-01-27,Standard,Annual,,,12.99,1424,19,0,kavya,India,Haryana,Female,1986-10-30,,0,,,2165,low,38,
0259-YHHYZ,2024-05-23,Paid,2027-05-23,Standard,Annual,,,13.99,188,13,0,priya,India,Tamil Nadu,Female,1969-12-21,2026-09-10,0,70.0,1.0,222,low,55,
0260-FSIJY,2022-07-15,Paid,2026-07-15,Standard,Annual,,,14.99,546,12,0,rahul,India,Tamil Nadu,Female,2000-12-02,,0,,,900,low,24,
0261-DRJZV,2024-09-21,Refferal,2027-09-21,Premium,Annual,,,22.99,164,17,0,rahul,India,Tamil Nadu,Male,1966-11-18,,0,,,101,low,58,
0262-BYCYR,2021-03-10,Organic,2026-03-10,Basic,Annual,2022-11-28,Not enough content,7.99,350,73,1,diya,India,Nagaland,Male,1987-02-24,2022-11-09,0,15.0,1.0,628,high,37,2022-11
0263-HOHCT,2023-06-01,Organic,2028-06-01,Basic,Annual,2024-03-24,Too expensive,8.99,173,85,1,nikita,India,Nagaland,Male,1977-06-25,2024-02-02,1,61.0,4.0,297,high,47,2024-03
0264-XFGCI,2021-08-17,Paid,2021-11-17,Basic,Monthly,,,6.99,485,1,0,nikita,India,Gujarat,Male,1967-03-08,,0,,,1232,low,57,
0265-UAOYK,2020-10-16,Organic,2022-10-16,Standard,Monthly,,,14.99,1096,37,0,zoya,India,Bihar,Female,1967-02-04,,0,,,1537,low,57,
0266-QTHHB,2024-07-08,Paid,2027-07-08,Standard,Annual,,,14.99,151,25,0,manish,India,Tamil Nadu,Male,1968-06-16,2027-10-13,0,94.0,1.0,176,low,56,
0267-ONSYX,2022-08-16,Organic,2024-08-16,Standard,Monthly,2024-05-17,Too expensive,13.99,575,89,1,aditya,India,Telangana,Male,1992-03-04,2024-02-18,0,26.0,3.0,640,high,32,2024-05
0268-ZKMYZ,2024-01-26,Refferal,2029-01-26,Standard,Annual,,,13.99,337,28,0,aditya,India,Bihar,Female,2001-07-20,,0,,,340,low,23,
0269-AOCZH,2020-03-14,Organic,2025-03-14,Basic,Annual,,,7.99,592,18,0,isha,India,Uttar Pradesh,Female,1988-02-09,2021-07-18,0,80.0,1.0,1753,low,36,
0270-WMFCE,2023-04-02,Paid,2023-07-02,Standard,Monthly,,,13.99,601,1,0,priya,India,Gujarat,Female,1980-11-17,,0,,,639,low,44,
0271-ETUOT,2021-09-18,Refferal,2026-09-18,Standard,Annual,2024-11-21,Too expensive,13.99,787,71,1,varun,India,Haryana,Female,1974-05-01,2024-10-26,1,55.0,4.0,1160,high,50,2024-11
0272-NCRED,2021-10-17,Refferal,2024-10-17,Standard,Annual,,,13.99,1031,34,0,aarav,India,Rajasthan,Male,2002-01-25,,0,,,1171,low,22,
0273-GGTYH,2024-01-03,Refferal,2028-01-03,Standard,Annual,,,13.99,245,18,0,nisha,India,West Bengal,Male,1965-12-06,2025-03-20,0,92.0,1.0,363,low,59,
0274-QSBDH,2020-06-03,Organic,2020-12-03,Premium,Monthly,,,22.99,2572,23,0,priya,India,Telangana,Female,1983-06-29,,0,,,1672,low,41,
0275-DXHPF,2020-06-12,Paid,2020-07-12,Basic,Monthly,,,7.99,663,21,0,isha,India,Delhi,Female,1988-02-07,,0,,,1663,low,36,
0276-LZJSX,2019-01-06,Organic,2022-01-06,Basic,Annual,2020-05-23,Service issues,7.99,184,82,1,shreya,India,Tamil Nadu,Male,1991-02-27,2020-03-21,1,45.0,1.0,503,high,33,2020-05
0277-GTWCL,2020-03-23,Organic,2022-03-23,Premium,Monthly,2020-08-13,Poor streaming quality,23.99,238,56,1,aditya,India,Karnataka,Male,1970-11-23,2020-05-20,0,42.0,1.0,143,medium,54,2020-08
0278-VXFNE,2019-06-19,Paid,2023-06-19,Premium,Annual,,,22.99,2348,24,0,anjali,India,Kerala,Female,1979-11-26,,0,,,2022,low,45,
0279-RSMXL,2019-02-26,Paid,2021-02-26,Standard,Annual,,,13.99,1243,1,0,isha,India,Maharashtra,Female,1997-10-14,,0,,,2135,low,27,
0280-NLBMU,2024-02-07,Paid,2027-02-07,Standard,Annual,,,13.99,289,21,0,tanvi,India,West Bengal,Male,1989-09-09,2026-09-15,0,69.0,1.0,328,low,35,
0281-GAFBL,2020-03-30,Refferal,2022-03-30,Standard,Annual,,,13.99,1657,4,0,diya,India,West Bengal,Male,1995-01-06,,0,,,1737,low,29,
0282-ZYBYA,2019-06-21,Paid,2020-06-21,Standard,Annual,,,13.99,1440,49,0,shreya,India,Telangana,Male,1992-10-03,2021-02-16,1,84.0,1.0,2020,medium,32,
0283-DQSZJ,2022-04-15,Organic,2022-10-15,Basic,Monthly,,,8.99,485,7,0,yash,India,Bihar,Female,1973-05-29,2022-06-30,0,82.0,1.0,991,low,51,
0284-WXJRR,2019-08-16,Organic,2021-08-16,Standard,Monthly,,,12.99,1711,1,0,manish,India,Punjab,Male,1974-10-04,,0,,,1964,low,50,
0285-WDZKD,2020-04-06,Paid,2023-04-06,Basic,Annual,,,7.99,677,26,0,shreya,India,Nagaland,Male,1965-05-09,,0,,,1730,low,59,
0286-AHRON,2022-01-02,Paid,2023-01-02,Premium,Monthly,,,22.99,1059,38,0,meera,India,Kerala,Male,1995-02-12,,0,,,1094,low,29,
0287-LEEWT,2020-05-03,Organic,2023-05-03,Standard,Annual,,,13.99,1477,37,0,kriti,India,Maharashtra,Female,1993-01-24,,0,,,1703,low,31,
0288-TWAFC,2024-07-03,Paid,2027-07-03,Standard,Annual,,,13.99,135,26,0,kriti,India,Maharashtra,Female,1999-03-03,,0,,,181,low,25,
0289-RWGBL,2019-09-18,Organic,2023-09-18,Premium,Annual,,,23.99,2669,23,0,shreya,India,Punjab,Male,1993-11-10,2022-09-30,0,64.0,1.0,1931,low,31,
0290-WBNHV,2021-04-22,Organic,2021-10-22,Basic,Monthly,2023-01-04,Service issues,7.99,219,88,1,meera,India,Rajasthan,Female,1988-11-22,2022-12-15,0,11.0,2.0,622,high,36,2023-01
0291-HDRFH,2020-02-11,Paid,2022-02-11,Standard,Annual,,,13.99,1774,9,0,manish,India,Maharashtra,Male,1999-08-14,2023-04-26,0,85.0,2.0,1785,low,25,
0292-ROBIQ,2020-10-07,Paid,2023-10-07,Standard,Annual,,,13.99,972,26,0,priya,India,Telangana,Female,1967-05-23,,0,,,1546,low,57,
0293-KDJTM,2023-01-19,Paid,2024-01-19,Standard,Annual,,,13.99,622,36,0,rahul,India,Kerala,Male,2003-02-17,2024-01-09,0,82.0,2.0,712,low,21,
0294-WDMBK,2019-12-05,Paid,2020-06-05,Standard,Monthly,,,13.99,1523,6,0,tanvi,India,Telangana,Male,1980-10-17,,0,,,1853,low,44,
0295-GFQXW,2023-02-16,Organic,2027-02-16,Standard,Annual,2023-06-04,Switched to competitor,12.99,80,55,1,aditya,India,Punjab,Male,1971-01-05,2023-05-21,1,17.0,4.0,108,medium,53,2023-06
0296-GRPWE,2019-12-21,Refferal,2021-12-21,Basic,Monthly,,,7.99,1033,23,0,zoya,India,Tamil Nadu,Male,1996-11-07,,0,,,1837,low,28,
0297-FXHXF,2023-07-29,Organic,2023-08-29,Basic,Monthly,2024-06-17,Too expensive,7.99,150,70,1,sahil,India,West Bengal,Male,1999-09-30,2024-03-22,0,16.0,4.0,324,high,25,2024-06
0298-ZMGPF,2020-12-11,Organic,2021-03-11,Standard,Monthly,,,13.99,1394,15,0,diya,India,Bihar,Male,1998-01-25,,0,,,1481,low,26,
0299-IHMQI,2021-11-28,Paid,2026-11-28,Standard,Annual,,,14.99,986,24,0,yash,India,Rajasthan,Female,1994-07-04,2024-04-16,1,90.0,2.0,1129,low,30,
0300-CZMVX,2019-05-08,Refferal,2021-05-08,Standard,Monthly,2023-06-01,Poor streaming quality,12.99,1401,87,1,aditya,India,Rajasthan,Female,1998-10-17,2023-04-11,0,38.0,1.0,1485,high,26,2023-06
0301-OFDGY,2023-05-01,Organic,2025-05-01,Standard,Annual,,,13.99,363,37,0,rahul,India,Haryana,Female,1973-06-21,,0,,,610,low,51,
0302-DIJVM,2019-08-21,Refferal,2023-08-21,Basic,Annual,,,7.99,673,25,0,nisha,India,Uttar Pradesh,Female,1973-01-20,,0,,,1959,low,51,
0303-TMSTL,2022-05-07,Paid,2022-06-07,Standard,Monthly,,,13.99,713,7,0,ishaan,India,West Bengal,Female,2003-05-27,2023-06-08,0,70.0,1.0,969,low,21,
0304-DOEXZ,2021-09-12,Organic,2022-09-12,Basic,Monthly,,,8.99,767,11,0,ananya,India,Maharashtra,Male,1968-08-15,2023-10-04,0,67.0,1.0,1206,low,56,
0305-YRTKV,2022-11-14,Refferal,2023-11-14,Premium,Monthly,,,23.99,1233,18,0,priya,India,Nagaland,Male,1971-05-10,2025-11-22,1,96.0,1.0,778,low,53,
0306-DFLBQ,2022-06-29,Organic,2024-06-29,Standard,Annual,,,14.99,953,22,0,nikita,India,Bihar,Female,1980-11-11,,0,,,916,low,44,
0307-MAOAN,2020-05-28,Paid,2020-06-28,Standard,Monthly,,,14.99,1766,29,0,aarav,India,Meghalaya,Female,1975-11-27,2022-03-10,0,82.0,2.0,1678,low,49,
0308-NSLYE,2023-12-31,Paid,2024-03-31,Standard,Monthly,2024-06-16,Switched to competitor,14.99,138,99,1,meera,India,Punjab,Male,1991-01-27,2024-05-20,0,42.0,4.0,168,high,33,2024-06
0309-ENVGK,2020-03-07,Refferal,2025-03-07,Premium,Annual,,,22.99,1731,5,0,yash,India,Rajasthan,Female,1967-12-15,,0,,,1760,low,57,
0310-OZFRW,2020-11-05,Refferal,2021-11-05,Basic,Monthly,2024-06-11,Switched to competitor,7.99,485,67,1,tanvi,India,Karnataka,Female,1990-04-17,2024-05-16,0,45.0,3.0,1314,medium,34,2024-06
0311-JMQSC,2022-09-19,Organic,2026-09-19,Basic,Annual,,,7.99,416,35,0,manish,India,Kerala,Female,1997-11-04,,0,,,834,low,27,
0312-UOWCN,2023-08-31,Organic,2023-09-30,Basic,Monthly,2024-09-30,Switched to competitor,7.99,226,95,1,priya,India,Nagaland,Male,1998-05-19,2024-07-31,0,25.0,1.0,396,high,26,2024-09
0313-XMBBY,2022-12-17,Organic,2023-01-17,Premium,Monthly,,,23.99,1177,22,0,ishaan,India,Bihar,Male,1981-12-12,,0,,,745,low,43,
0314-YIYPT,2019-03-23,Refferal,2019-09-23,Basic,Monthly,2022-04-15,Not enough content,7.99,357,88,1,rahul,India,Bihar,Male,1969-09-15,2022-04-11,0,19.0,3.0,1119,high,55,2022-04
0315-EGVKX,2020-01-21,Organic,2021-01-21,Standard,Annual,,,13.99,1130,22,0,shreya,India,Rajasthan,Female,1964-11-18,2022-08-23,0,91.0,2.0,1806,low,60,
0316-TURCT,2024-07-18,Paid,2025-07-18,Standard,Annual,2024-07-03,Poor streaming quality,13.99,80,99,1,varun,India,Maharashtra,Male,1975-06-11,2024-06-06,0,20.0,4.0,1,high,49,2024-07
0317-GBPPP,2024-08-29,Organic,2024-09-29,Premium,Monthly,,,23.99,136,29,0,aarav,India,Tamil Nadu,Female,1971-07-06,,0,,,124,low,53,
0318-QULFO,2019-02-25,Refferal,2019-05-25,Standard,Monthly,2020-04-03,Not enough content,13.99,298,86,1,nikita,India,Telangana,Male,1976-10-14,2020-02-08,0,39.0,1.0,403,high,48,2020-04
0319-PJUHG,2022-09-22,Organic,2027-09-22,Basic,Annual,,,7.99,471,24,0,nisha,India,Karnataka,Male,1974-05-09,,0,,,831,low,50,
0320-ESQTI,2023-11-17,Organic,2023-12-17,Basic,Monthly,2024-03-15,Switched to competitor,7.99,80,93,1,rahul,India,Karnataka,Male,1969-04-04,2024-01-04,1,46.0,4.0,119,high,55,2024-03
0321-LTCCL,2022-07-06,Organic,2022-10-06,Basic,Monthly,,,7.99,447,18,0,anjali,India,Punjab,Female,1985-10-22,2024-10-26,0,93.0,2.0,909,low,39,
0322-AJCPI,2020-12-27,Paid,2021-01-27,Basic,Monthly,2021-10-26,Not enough content,7.99,169,69,1,varun,India,Maharashtra,Female,1989-04-15,2021-09-16,1,24.0,4.0,303,medium,35,2021-10
0323-KCXXZ,2020-11-07,Organic,2021-11-07,Premium,Annual,,,22.99,1941,28,0,nikita,India,Haryana,Male,1979-02-15,,0,,,1515,low,45,
0324-JDHMB,2019-09-13,Paid,2020-09-13,Basic,Annual,2020-05-23,Not enough content,6.99,111,66,1,rahul,India,Meghalaya,Female,2002-12-31,2020-03-11,0,21.0,2.0,253,medium,22,2020-05
0325-MBGGQ,2019-06-16,Organic,2019-09-16,Standard,Monthly,2021-03-21,Service issues,13.99,553,79,1,yash,India,Haryana,Male,1991-05-29,2020-12-26,0,18.0,2.0,644,high,33,2021-03
0326-CHYIQ,2022-12-20,Paid,2027-12-20,Premium,Annual,,,23.99,875,33,0,yash,India,Tamil Nadu,Female,1999-07-12,,0,,,742,low,25,
0327-IVWZD,2019-03-12,Paid,2020-03-12,Basic,Monthly,,,7.99,1084,7,0,zoya,India,Rajasthan,Male,1985-08-26,,0,,,2121,low,39,
0328-IZZHS,2023-03-11,Refferal,2028-03-11,Standard,Annual,,,13.99,677,1,0,rohit,India,Gujarat,Male,1986-09-30,2024-10-21,0,98.0,1.0,661,low,38,
0329-JVKCO,2019-06-28,Organic,2019-07-28,Basic,Monthly,,,8.99,1095,7,0,nikita,India,Haryana,Male,1966-06-22,,0,,,2013,low,58,
0330-TASYF,2022-02-20,Paid,2022-03-20,Basic,Monthly,2023-10-29,Poor streaming quality,6.99,258,81,1,tanya,India,Kerala,Male,1998-03-15,2023-10-27,0,36.0,4.0,616,high,26,2023-10
0331-URDHG,2020-02-25,Paid,2020-08-25,Premium,Monthly,2021-08-10,Too expensive,21.99,672,89,1,tanya,India,West Bengal,Female,1989-10-25,2021-06-09,1,37.0,1.0,532,high,35,2021-08
0332-JLPPN,2021-01-07,Paid,2023-01-07,Basic,Annual,,,7.99,764,24,0,diya,India,Bihar,Female,1972-11-11,2023-05-04,0,93.0,2.0,1454,low,52,
0333-AZSVP,2022-05-23,Organic,2022-06-23,Basic,Monthly,2023-12-16,Switched to competitor,6.99,248,52,1,nikita,India,Karnataka,Male,1981-04-29,2023-11-14,0,44.0,3.0,572,medium,43,2023-12
0334-REPOQ,2023-12-16,Paid,2024-06-16,Standard,Monthly,2024-09-23,Not enough content,13.99,162,73,1,tanya,India,Tamil Nadu,Female,2003-02-10,2024-07-27,1,18.0,2.0,282,high,21,2024-09
0335-LAGNN,2023-12-28,Paid,2024-06-28,Standard,Monthly,2024-10-03,Service issues,12.99,212,84,1,yash,India,West Bengal,Male,1984-01-30,2024-07-10,0,27.0,1.0,280,high,40,2024-10
0336-JMRRD,2021-12-22,Refferal,2026-12-22,Standard,Annual,,,13.99,632,17,0,anjali,India,Maharashtra,Female,1998-10-06,,0,,,1105,low,26,
0337-HXCVS,2024-08-07,Organic,2025-08-07,Premium,Annual,,,23.99,234,21,0,rohit,India,Rajasthan,Female,1967-12-14,2026-05-16,0,80.0,2.0,146,low,57,
0338-LFMML,2024-01-18,Paid,2025-01-18,Basic,Annual,,,8.99,156,20,0,rohit,India,West Bengal,Female,1982-12-13,,0,,,348,low,42,
0339-BBSAI,2022-07-20,Organic,2025-07-20,Premium,Annual,,,22.99,928,29,0,sahil,India,Karnataka,Male,1990-11-22,,0,,,895,low,34,
0340-GEEOY,2021-04-25,Refferal,2026-04-25,Basic,Annual,,,8.99,584,10,0,manish,India,Nagaland,Female,1967-01-07,,0,,,1346,low,57,
0341-EQLAP,2023-04-19,Organic,2025-04-19,Basic,Annual,2024-09-15,Too expensive,7.99,210,50,1,tanvi,India,Gujarat,Female,1989-11-25,2024-07-09,1,63.0,1.0,515,medium,35,2024-09
0342-AFHSU,2024-01-20,Organic,2029-01-20,Premium,Annual,,,21.99,533,12,0,tanya,India,Haryana,Male,1972-09-15,2024-03-25,0,86.0,1.0,346,low,52,
0343-WEILG,2024-05-22,Paid,2025-05-22,Premium,Monthly,2024-05-20,Not enough content,22.99,80,83,1,kriti,India,Punjab,Female,1991-07-09,2024-05-11,0,33.0,4.0,1,high,33,2024-05
0344-KKCJL,2020-10-13,Paid,2021-04-13,Standard,Monthly,,,13.99,1531,16,0,kriti,India,Delhi,Female,1986-02-04,,0,,,1540,low,38,
0345-PRIGD,2020-09-09,Refferal,2020-10-09,Standard,Monthly,,,13.99,1033,28,0,dev,India,Rajasthan,Male,1974-09-12,,0,,,1574,low,50,
0346-KPOKM,2023-04-16,Organic,2028-04-16,Standard,Annual,,,12.99,529,21,0,diya,India,Punjab,Male,1994-04-15,,0,,,625,low,30,
0347-EHEVQ,2020-12-15,Paid,2025-12-15,Standard,Annual,2024-05-14,Poor streaming quality,13.99,858,76,1,isha,India,Maharashtra,Female,1971-05-23,2024-05-11,0,36.0,3.0,1246,high,53,2024-05
0348-FJOQK,2022-12-01,Refferal,2027-12-01,Standard,Annual,,,13.99,618,21,0,priya,India,Gujarat,Female,1970-10-31,,0,,,761,low,54,
0349-VMCAT,2023-08-28,Organic,2028-08-28,Premium,Annual,,,23.99,490,20,0,nisha,India,Meghalaya,Male,1965-07-09,2025-02-13,0,66.0,2.0,491,low,59,
0350-FHUOU,2024-08-17,Paid,2025-08-17,Basic,Monthly,,,7.99,80,37,0,harsh,India,Gujarat,Male,1974-06-17,2026-08-09,0,72.0,1.0,136,low,50,
0351-CUVJV,2021-07-27,Paid,2021-10-27,Standard,Monthly,,,13.99,902,36,0,diya,India,Maharashtra,Female,1969-05-10,,0,,,1253,low,55,
0352-FLTQG,2022-03-07,Refferal,2025-03-07,Basic,Annual,,,6.99,408,1,0,yash,India,Kerala,Male,1983-04-17,,0,,,1030,low,41,
0353-GWCWD,2019-06-09,Refferal,2019-12-09,Premium,Monthly,,,21.99,1996,32,0,kavya,India,Tamil Nadu,Male,1970-10-28,,0,,,2032,low,54,
0354-VPJSQ,2023-05-20,Organic,2023-08-20,Standard,Monthly,,,13.99,541,19,0,tanya,India,Delhi,Male,1997-12-06,,0,,,591,low,27,
0355-FFBJH,2022-08-07,Refferal,2022-09-07,Standard,Monthly,,,14.99,878,21,0,rohit,India,Punjab,Male,1984-08-12,,0,,,877,low,40,
0356-ZHOYN,2020-09-06,Organic,2020-10-06,Premium,Monthly,,,22.99,1607,24,0,isha,India,Bihar,Male,1976-09-18,,0,,,1577,low,48,
0357-ZUXZW,2019-01-09,Organic,2020-01-09,Premium,Monthly,2020-02-23,Too expensive,22.99,656,58,1,meera,India,West Bengal,Male,1990-06-27,2020-01-31,0,34.0,1.0,410,medium,34,2020-02
0358-DIGVK,2022-07-15,Organic,2023-07-15,Standard,Annual,,,13.99,692,3,0,manish,India,Delhi,Female,1994-09-22,,0,,,900,low,30,
0359-KLQWC,2019-11-07,Refferal,2020-11-07,Standard,Annual,,,12.99,1457,16,0,priya,India,Punjab,Female,1973-08-03,2020-07-16,0,99.0,2.0,1881,low,51,
0360-YJYIA,2020-10-01,Refferal,2024-10-01,Basic,Annual,,,7.99,517,17,0,sahil,India,Tamil Nadu,Male,2002-05-06,,0,,,1552,low,22,
0361-ZQSWU,2020-01-06,Organic,2022-01-06,Standard,Annual,,,13.99,1153,28,0,varun,India,Telangana,Male,1991-02-17,2023-01-05,0,91.0,1.0,1821,low,33,
0362-VMIHO,2019-06-24,Organic,2019-09-24,Premium,Monthly,,,22.99,2503,22,0,tanya,India,Delhi,Female,1988-10-05,,0,,,2017,low,36,
0363-IRBCU,2020-12-14,Paid,2021-12-14,Standard,Monthly,2022-07-03,Not enough content,13.99,467,65,1,ishaan,India,Maharashtra,Male,1968-08-17,2022-06-29,0,57.0,2.0,566,medium,56,2022-07
0364-LAYFR,2020-11-07,Paid,2020-12-07,Basic,Monthly,,,7.99,638,1,0,ishaan,India,Delhi,Female,1965-05-25,2023-05-16,0,75.0,1.0,1515,low,59,
0365-WWCJC,2022-07-15,Organic,2023-01-15,Standard,Monthly,,,14.99,550,27,0,aditya,India,Uttar Pradesh,Male,1980-12-14,,0,,,900,low,44,
0366-KHSGR,2019-03-23,Paid,2020-03-23,Basic,Annual,,,7.99,921,11,0,aarav,India,West Bengal,Male,1997-10-06,,0,,,2110,low,27,
0367-FCPNL,2022-11-08,Refferal,2027-11-08,Premium,Annual,,,21.99,1150,8,0,anjali,India,Maharashtra,Female,1988-04-09,,0,,,784,low,36,
0368-ZKDBJ,2023-08-29,Paid,2024-08-29,Standard,Monthly,,,12.99,307,16,0,anjali,India,West Bengal,Male,1971-02-23,,0,,,490,low,53,
0369-IWDUT,2024-07-12,Refferal,2029-07-12,Premium,Annual,,,22.99,216,37,0,ananya,India,Delhi,Male,1975-01-16,2026-12-12,0,79.0,2.0,172,low,49,
0370-NAQLS,2023-07-30,Refferal,2024-01-30,Basic,Monthly,2024-09-19,Too expensive,6.99,124,67,1,kriti,India,Bihar,Female,1980-10-19,2024-08-27,1,63.0,4.0,417,medium,44,2024-09
0371-RWCCT,2023-04-13,Paid,2023-07-13,Premium,Monthly,,,22.99,1053,21,0,sneha,India,Haryana,Female,1992-10-06,,0,,,628,low,32,
0372-ZIDHC,2019-12-13,Organic,2020-01-13,Basic,Monthly,,,6.99,786,20,0,shreya,India,Punjab,Female,1995-05-05,,0,,,1845,low,29,
0373-YAWWF,2022-10-08,Refferal,2025-10-08,Standard,Annual,,,12.99,718,51,0,sahil,India,Haryana,Male,1977-12-01,2025-02-08,0,91.0,2.0,815,medium,47,
0374-KQUUG,2020-08-10,Refferal,2022-08-10,Standard,Monthly,,,12.99,1059,19,0,meera,India,Telangana,Male,1990-12-28,,0,,,1604,low,34,
0375-MPNZZ,2020-04-10,Paid,2021-04-10,Basic,Monthly,,,7.99,558,25,0,isha,India,Bihar,Female,2003-09-24,,0,,,1726,low,21,
0376-KVKOE,2020-07-27,Organic,2021-07-27,Basic,Monthly,2023-08-04,Not enough content,7.99,518,81,1,aarav,India,Tamil Nadu,Male,1981-03-01,2023-06-10,0,67.0,4.0,1103,high,43,2023-08
0377-PAFXY,2019-10-16,Organic,2020-04-16,Standard,Monthly,2023-07-25,Not enough content,12.99,734,86,1,manish,India,Punjab,Female,1999-06-19,2023-05-11,0,56.0,3.0,1378,high,25,2023-07
0378-STLKQ,2022-02-25,Organic,2026-02-25,Basic,Annual,,,8.99,520,1,0,nisha,India,Punjab,Male,1984-03-20,,0,,,1040,low,40,
0379-CCXZE,2021-05-18,Paid,2021-06-18,Standard,Monthly,,,12.99,1061,17,0,harsh,India,Rajasthan,Female,1969-05-12,,0,,,1323,low,55,
0380-QVRBS,2019-05-29,Paid,2020-05-29,Standard,Annual,,,14.99,1599,1,0,aditya,India,West Bengal,Male,1992-06-30,,0,,,2043,low,32,
0381-GYDPB,2020-08-06,Organic,2022-08-06,Standard,Monthly,,,13.99,1611,29,0,anjali,India,Uttar Pradesh,Male,1976-12-29,2020-09-23,1,96.0,1.0,1608,low,48,
0382-ADAMJ,2020-12-22,Organic,2021-12-22,Standard,Monthly,,,13.99,823,1,0,ishaan,India,Punjab,Female,1964-05-11,2021-07-31,1,83.0,1.0,1470,low,60,
0383-JTWTD,2021-05-15,Paid,2025-05-15,Basic,Annual,,,7.99,437,28,0,rohit,India,Bihar,Male,1992-01-11,,0,,,1326,low,32,
0384-UHBSO,2022-04-29,Organic,2025-04-29,Premium,Annual,2024-11-04,Switched to competitor,21.99,1079,69,1,dev,India,Gujarat,Female,1979-04-05,2024-09-01,0,67.0,3.0,920,medium,45,2024-11
0385-JMOJG,2020-10-15,Organic,2022-10-15,Basic,Monthly,,,8.99,927,17,0,meera,India,Karnataka,Male,1983-05-02,,0,,,1538,low,41,
0386-TAWAB,2021-08-21,Paid,2023-08-21,Premium,Annual,,,21.99,1547,34,0,isha,India,Rajasthan,Female,1988-10-28,,0,,,1228,low,36,
0387-EYAUS,2020-10-02,Paid,2022-10-02,Standard,Annual,,,13.99,1273,45,0,meera,India,Uttar Pradesh,Female,2001-10-18,,0,,,1551,medium,23,
0388-IKSHC,2020-06-06,Refferal,2022-06-06,Basic,Annual,,,7.99,821,3,0,dev,India,Rajasthan,Male,1986-08-29,2022-02-22,0,80.0,2.0,1669,low,38,
0389-RBFNB,2021-04-29,Organic,2023-04-29,Basic,Monthly,2022-05-10,Not enough content,7.99,149,61,1,rahul,India,Karnataka,Female,2000-02-19,2022-04-21,1,55.0,4.0,376,medium,24,2022-05
0390-UICLJ,2024-01-14,Refferal,2025-01-14,Premium,Monthly,2024-03-10,Poor streaming quality,23.99,80,57,1,sahil,India,Haryana,Female,1988-08-30,2024-02-27,1,13.0,4.0,56,medium,36,2024-03
0391-QMPMU,2020-10-24,Organic,2021-10-24,Basic,Annual,,,7.99,877,15,0,isha,India,Nagaland,Male,2001-11-10,,0,,,1529,low,23,
0392-AKGJV,2022-04-18,Organic,2026-04-18,Basic,Annual,2023-02-26,Switched to competitor,7.99,148,68,1,shreya,India,Rajasthan,Male,2000-05-28,2022-12-26,0,32.0,2.0,314,medium,24,2023-02
0393-RWSCN,2021-07-15,Organic,2021-10-15,Standard,Monthly,,,13.99,957,3,0,zoya,India,Nagaland,Female,1968-01-09,,0,,,1265,low,56,
0394-YZDHB,2023-02-20,Organic,2024-02-20,Basic,Monthly,2024-11-17,Too expensive,7.99,244,99,1,priya,India,Bihar,Female,1989-01-22,2024-11-05,0,26.0,1.0,636,high,35,2024-11
0395-XLTPN,2023-11-24,Paid,2024-11-24,Basic,Annual,2024-10-13,Not enough content,8.99,169,70,1,varun,India,Karnataka,Male,2002-07-30,2024-07-16,0,43.0,1.0,324,high,22,2024-10
0396-RDHWY,2022-04-01,Organic,2023-04-01,Standard,Monthly,2024-04-29,Not enough content,13.99,655,68,1,rohit,India,West Bengal,Female,1993-01-21,2024-03-31,0,65.0,2.0,759,medium,31,2024-04
0397-LGYDU,2023-01-05,Paid,2025-01-05,Premium,Annual,,,23.99,916,21,0,anjali,India,Karnataka,Male,1971-02-26,2024-11-03,0,76.0,1.0,726,low,53,
0398-EMKNZ,2019-03-29,Organic,2019-09-29,Premium,Monthly,,,21.99,3315,48,0,rahul,India,Nagaland,Female,2000-04-14,2020-02-25,0,70.0,1.0,2104,medium,24,
0399-MWCUH,2020-01-15,Refferal,2022-01-15,Standard,Annual,,,14.99,1961,26,0,kavya,India,West Bengal,Male,1965-07-31,,0,,,1812,low,59,
0400-VICGJ,2023-08-08,Paid,2024-08-08,Basic,Annual,,,7.99,187,22,0,nikita,India,Punjab,Male,1971-02-03,,0,,,511,low,53,
0401-HVEYW,2023-06-04,Organic,2026-06-04,Standard,Annual,2024-08-22,Service issues,13.99,305,74,1,anjali,India,West Bengal,Male,1997-08-20,2024-07-01,0,19.0,1.0,445,high,27,2024-08
0402-MUDAV,2020-09-08,Refferal,2020-10-08,Standard,Monthly,,,14.99,1091,11,0,kavya,India,Nagaland,Male,1981-03-02,2021-01-01,0,64.0,1.0,1575,low,43,
0403-VJQQP,2019-11-14,Paid,2020-05-14,Standard,Monthly,,,13.99,1315,16,0,aarav,India,Meghalaya,Male,1992-07-24,,0,,,1874,low,32,
0404-ZFQVC,2022-03-21,Paid,2026-03-21,Basic,Annual,,,7.99,533,18,0,anjali,India,Kerala,Female,1979-03-05,,0,,,1016,low,45,
0405-BLEOV,2022-07-04,Paid,2025-07-04,Basic,Annual,,,7.99,506,9,0,aarav,India,Telangana,Female,1984-06-14,,0,,,911,low,40,
0406-JLJXH,2023-08-04,Organic,2024-02-04,Premium,Monthly,,,22.99,720,11,0,aditya,India,Gujarat,Male,1978-04-10,,0,,,515,low,46,
0407-PQQMW,2019-04-16,Organic,2023-04-16,Standard,Annual,,,13.99,1681,2,0,ananya,India,Gujarat,Male,1975-05-15,,0,,,2086,low,49,
0408-HDFXN,2021-03-31,Paid,2021-06-30,Standard,Monthly,2024-12-15,Service issues,13.99,1035,71,1,tanvi,India,Tamil Nadu,Male,1984-06-18,2024-11-06,1,35.0,1.0,1355,high,40,2024-12
0409-UJOMX,2021-09-17,Refferal,2023-09-17,Basic,Annual,2022-11-14,Service issues,7.99,207,70,1,nisha,India,Rajasthan,Female,1969-09-08,2022-09-15,1,42.0,3.0,423,high,55,2022-11
0410-EIFXU,2021-04-12,Paid,2021-10-12,Basic,Monthly,,,7.99,541,5,0,dev,India,Maharashtra,Female,1991-01-03,,0,,,1359,low,33,
0411-JPGEG,2023-02-08,Refferal,2024-02-08,Standard,Annual,,,14.99,693,15,0,diya,India,Nagaland,Female,1984-01-31,2025-07-06,0,88.0,2.0,692,low,40,
0412-VXBZF,2022-10-01,Paid,2024-10-01,Basic,Monthly,2024-07-02,Not enough content,7.99,355,56,1,ishaan,India,Rajasthan,Male,1966-11-20,2024-04-18,0,27.0,4.0,640,medium,58,2024-07
0413-GITJP,2022-11-13,Refferal,2022-12-13,Basic,Monthly,2024-04-01,Poor streaming quality,7.99,188,93,1,harsh,India,Haryana,Male,1982-07-22,2024-01-25,1,21.0,1.0,505,high,42,2024-04
0414-YVVZO,2023-05-20,Organic,2023-06-20,Standard,Monthly,,,14.99,358,11,0,aditya,India,Delhi,Female,1985-10-27,2025-08-21,0,100.0,1.0,591,low,39,
0415-CGFNA,2023-04-18,Refferal,2025-04-18,Basic,Monthly,,,7.99,204,10,0,tanya,India,Bihar,Male,1981-04-05,,0,,,623,low,43,
0416-DSXVI,2024-08-12,Organic,2025-08-12,Premium,Annual,,,22.99,219,61,0,harsh,India,Maharashtra,Male,1978-03-22,,0,,,141,medium,46,
0417-SDCNJ,2019-10-10,Organic,2024-10-10,Standard,Annual,,,13.99,1201,15,0,priya,India,Karnataka,Female,1996-09-22,,0,,,1909,low,28,
0418-YKCHD,2020-12-15,Refferal,2021-01-15,Standard,Monthly,2023-06-01,Too expensive,14.99,665,62,1,tanya,India,West Bengal,Female,1974-02-11,2023-03-07,0,27.0,4.0,898,medium,50,2023-06
0419-QMISO,2021-12-08,Paid,2022-12-08,Standard,Annual,,,12.99,972,27,0,meera,India,Bihar,Female,1973-07-13,,0,,,1119,low,51,
0420-RVJTH,2021-10-01,Organic,2024-10-01,Basic,Annual,,,7.99,491,10,0,priya,India,Delhi,Male,1965-12-30,,0,,,1187,low,59,
0421-YKZZA,2019-09-27,Organic,2020-03-27,Premium,Monthly,,,23.99,1944,11,0,tanya,India,Haryana,Female,1964-10-21,,0,,,1922,low,60,
0422-ZFOYD,2019-06-27,Refferal,2019-12-27,Standard,Monthly,,,13.99,1570,1,0,meera,India,West Bengal,Male,1992-04-24,,0,,,2014,low,32,
0423-JIQZV,2020-06-09,Organic,2021-06-09,Standard,Annual,2022-03-15,Poor streaming quality,14.99,469,88,1,nisha,India,Gujarat,Male,1983-02-14,2022-01-05,0,11.0,4.0,644,high,41,2022-03
0424-FSJUS,2023-08-03,Paid,2028-08-03,Basic,Annual,,,7.99,240,40,0,yash,India,Maharashtra,Female,1980-03-06,,0,,,516,medium,44,
0425-TZWMJ,2019-03-28,Paid,2019-06-28,Basic,Monthly,2023-03-09,Service issues,8.99,723,99,1,zoya,India,Telangana,Male,1966-09-06,2023-02-16,1,49.0,4.0,1442,high,58,2023-03
0426-UPTFL,2019-05-23,Organic,2020-05-23,Basic,Annual,,,6.99,1026,27,0,rahul,India,Tamil Nadu,Male,1994-06-19,2019-07-12,0,63.0,1.0,2049,low,30,
0427-AGCIX,2023-03-14,Paid,2028-03-14,Premium,Annual,2024-06-17,Too expensive,22.99,534,95,1,diya,India,West Bengal,Male,1976-02-22,2024-04-25,0,24.0,1.0,461,high,48,2024-06
0428-YZIZX,2024-06-22,Organic,2027-06-22,Premium,Annual,,,23.99,257,33,0,varun,India,West Bengal,Male,1980-11-18,,0,,,192,low,44,
0429-YEXEC,2023-06-28,Organic,2023-07-28,Standard,Monthly,2024-06-18,Too expensive,13.99,348,75,1,priya,India,Nagaland,Female,1975-04-10,2024-03-26,1,35.0,3.0,356,high,49,2024-06
0430-OYORH,2020-02-15,Organic,2020-05-15,Standard,Monthly,,,13.99,1124,1,0,tanvi,India,Karnataka,Male,1983-09-13,,0,,,1781,low,41,
0431-OVDJL,2023-09-27,Refferal,2024-09-27,Basic,Annual,,,8.99,270,14,0,kavya,India,Meghalaya,Female,1989-05-23,,0,,,461,low,35,
0432-CFQZM,2020-01-14,Refferal,2021-01-14,Premium,Monthly,2023-09-10,Switched to competitor,23.99,2215,72,1,zoya,India,Meghalaya,Female,1984-08-16,2023-07-30,0,46.0,4.0,1335,high,40,2023-09
0433-MRCOE,2023-05-08,Paid,2025-05-08,Basic,Monthly,2024-03-20,Not enough content,7.99,127,78,1,yash,India,Rajasthan,Male,1976-06-28,2024-02-01,1,10.0,4.0,317,high,48,2024-03
0434-BLGVO,2022-09-13,Paid,2025-09-13,Basic,Annual,,,7.99,454,2,0,ananya,India,Delhi,Male,1971-02-06,2023-03-23,0,61.0,1.0,840,low,53,
0435-RVKTF,2019-07-30,Refferal,2021-07-30,Standard,Annual,,,13.99,1209,26,0,dev,India,Maharashtra,Female,1976-02-03,2020-08-16,0,72.0,1.0,1981,low,48,
0436-KNWMW,2024-03-14,Paid,2024-09-14,Standard,Monthly,2024-07-03,Not enough content,13.99,80,67,1,tanvi,India,Meghalaya,Male,1994-09-01,2024-05-05,0,50.0,4.0,111,medium,30,2024-07
0437-XSNXU,2022-11-12,Paid,2023-02-12,Premium,Monthly,,,22.99,1310,14,0,anjali,India,Uttar Pradesh,Male,1989-05-06,2026-01-19,0,66.0,2.0,780,low,35,
0438-YLYEF,2024-02-24,Paid,2025-02-24,Basic,Annual,2024-09-11,Too expensive,7.99,88,59,1,varun,India,Delhi,Male,1987-01-12,2024-07-25,0,24.0,4.0,200,medium,37,2024-09
0439-CRFVD,2024-01-31,Refferal,2025-01-31,Basic,Annual,,,8.99,173,25,0,rohit,India,Haryana,Female,1999-03-28,,0,,,335,low,25,
0440-XXBKK,2022-01-25,Organic,2024-01-25,Premium,Annual,,,22.99,1617,7,0,dev,India,Rajasthan,Female,1995-02-23,,0,,,1071,low,29,
0441-LWUQN,2021-07-25,Paid,2022-07-25,Standard,Monthly,2023-08-16,Not enough content,13.99,601,72,1,isha,India,Karnataka,Female,1991-04-02,2023-05-31,0,17.0,1.0,752,high,33,2023-08
0442-DPTYY,2022-05-21,Organic,2024-05-21,Basic,Annual,,,7.99,326,10,0,tanya,India,Haryana,Male,1964-10-03,,0,,,955,low,60,
0443-HNIKJ,2022-02-15,Paid,2027-02-15,Premium,Annual,,,22.99,1491,2,0,aditya,India,Gujarat,Female,1978-09-08,2024-05-22,0,82.0,2.0,1050,low,46,
0444-EKQRK,2023-12-06,Paid,2024-12-06,Basic,Annual,,,7.99,161,22,0,priya,India,Telangana,Female,1976-07-04,2025-03-08,0,61.0,1.0,391,low,48,
0445-GTXXA,2022-01-06,Paid,2025-01-06,Basic,Annual,,,7.99,571,7,0,rahul,India,Kerala,Female,1997-04-04,2024-04-14,0,87.0,1.0,1090,low,27,
0446-HMSCW,2021-12-24,Refferal,2023-12-24,Standard,Monthly,2024-12-01,Too expensive,14.99,940,74,1,shreya,India,Meghalaya,Female,1995-12-19,2024-11-16,0,50.0,3.0,1073,high,29,2024-12
0447-VHKQE,2024-04-19,Organic,2026-04-19,Premium,Monthly,,,22.99,331,10,0,sahil,India,Nagaland,Female,1996-02-01,,0,,,256,low,28,
0448-MNJBU,2019-06-16,Refferal,2021-06-16,Standard,Monthly,,,12.99,1852,24,0,priya,India,Karnataka,Female,2001-07-01,,0,,,2025,low,23,
0449-NDWWA,2019-06-02,Paid,2022-06-02,Basic,Annual,,,8.99,844,25,0,aditya,India,Nagaland,Male,1995-02-18,,0,,,2039,low,29,
0450-GLXSH,2021-07-01,Paid,2023-07-01,Standard,Monthly,,,13.99,1226,22,0,dev,India,Kerala,Female,1974-09-06,,0,,,1279,low,50,
0451-KXRGM,2024-02-22,Refferal,2025-02-22,Premium,Monthly,2024-05-02,Not enough content,22.99,88,65,1,harsh,India,Delhi,Female,1984-06-14,2024-04-03,1,27.0,3.0,70,medium,40,2024-05
0452-OIVGV,2022-09-13,Paid,2023-09-13,Premium,Monthly,,,22.99,898,1,0,aarav,India,Karnataka,Female,1979-02-18,,0,,,840,low,45,
0453-KEOZW,2020-11-25,Paid,2021-02-25,Basic,Monthly,2024-12-15,Too expensive,8.99,621,80,1,nisha,India,Uttar Pradesh,Male,1996-01-09,2024-09-30,0,20.0,2.0,1481,high,28,2024-12
0454-QNWZR,2020-04-08,Organic,2020-07-08,Standard,Monthly,,,13.99,1068,28,0,manish,India,Gujarat,Male,1970-06-15,2022-10-03,0,68.0,1.0,1728,low,54,
0455-EUFPY,2023-08-13,Refferal,2025-08-13,Standard,Monthly,2024-11-14,Poor streaming quality,13.99,380,89,1,sneha,India,Telangana,Female,1985-11-03,2024-10-19,0,34.0,3.0,459,high,39,2024-11
0456-LFHNQ,2019-06-24,Organic,2021-06-24,Premium,Monthly,2021-09-13,Service issues,22.99,835,85,1,dev,India,Karnataka,Male,2002-05-06,2021-08-16,1,12.0,4.0,812,high,22,2021-09
0457-ZZVOP,2019-03-22,Refferal,2019-06-22,Basic,Monthly,,,7.99,870,25,0,nikita,India,Meghalaya,Female,1973-03-25,,0,,,2111,low,51,
0458-CBZQW,2024-09-24,Refferal,2025-09-24,Standard,Monthly,,,14.99,80,1,0,kavya,India,Meghalaya,Female,1972-02-24,,0,,,98,low,52,
0459-DTXUU,2021-03-14,Paid,2023-03-14,Standard,Monthly,,,14.99,925,26,0,nikita,India,Haryana,Female,1986-02-15,,0,,,1388,low,38,
0460-IDAMH,2021-02-23,Paid,2021-03-23,Basic,Monthly,2023-06-07,Not enough content,7.99,309,82,1,sahil,India,Telangana,Female,1986-06-09,2023-05-16,0,47.0,2.0,834,high,38,2023-06
0461-ASOES,2023-11-21,Organic,2027-11-21,Standard,Annual,,,13.99,290,18,0,nikita,India,Nagaland,Female,1993-03-25,,0,,,406,low,31,
0462-JHERO,2019-05-28,Paid,2022-05-28,Basic,Annual,,,8.99,1291,13,0,zoya,India,Meghalaya,Male,1978-10-07,,0,,,2044,low,46,
0463-DGVTE,2021-03-09,Organic,2022-03-09,Basic,Annual,,,8.99,530,30,0,manish,India,Uttar Pradesh,Female,1994-08-21,,0,,,1393,low,30,
0464-CJTHU,2020-08-23,Paid,2022-08-23,Standard,Monthly,2021-12-25,Poor streaming quality,13.99,397,63,1,harsh,India,Rajasthan,Female,1971-01-29,2021-11-07,0,32.0,1.0,489,medium,53,2021-12
0465-HWMWP,2021-09-23,Refferal,2024-09-23,Basic,Annual,,,7.99,468,19,0,zoya,India,Haryana,Male,1967-11-04,,0,,,1195,low,57,
0466-XNWJH,2021-07-09,Organic,2025-07-09,Standard,Annual,,,13.99,759,21,0,isha,India,Maharashtra,Male,2001-07-07,2021-08-27,1,92.0,1.0,1271,low,23,
0467-ZIZXZ,2021-06-23,Organic,2023-06-23,Standard,Monthly,,,14.99,976,35,0,priya,India,Delhi,Female,1965-02-19,,0,,,1287,low,59,
0468-ECIZI,2023-02-02,Paid,2025-02-02,Standard,Monthly,2024-08-02,Switched to competitor,14.99,558,81,1,nisha,India,Maharashtra,Female,1986-07-11,2024-07-04,1,21.0,1.0,547,high,38,2024-08
0469-FUOEU,2022-03-17,Organic,2024-03-17,Basic,Monthly,,,8.99,500,4,0,isha,India,Tamil Nadu,Male,1974-04-10,,0,,,1020,low,50,
0470-PQKZJ,2022-06-02,Paid,2025-06-02,Standard,Annual,,,12.99,781,28,0,sahil,India,Maharashtra,Male,1982-02-06,2023-03-18,0,100.0,1.0,943,low,42,
0471-JAIVE,2022-03-06,Paid,2022-09-06,Standard,Monthly,,,12.99,941,10,0,manish,India,Uttar Pradesh,Male,1970-03-20,,0,,,1031,low,54,
0472-TFWIC,2020-01-24,Paid,2022-01-24,Standard,Monthly,2020-08-19,Service issues,13.99,157,73,1,ishaan,India,Haryana,Female,1997-12-27,2020-07-14,1,60.0,1.0,208,high,27,2020-08
0473-BBYLN,2024-01-20,Organic,2024-04-20,Standard,Monthly,2024-11-20,Service issues,13.99,188,74,1,nikita,India,Rajasthan,Female,1974-12-05,2024-09-14,1,32.0,4.0,305,high,50,2024-11
0474-ZIXJE,2023-08-19,Paid,2024-08-19,Premium,Monthly,2024-08-01,Not enough content,23.99,366,76,1,meera,India,Maharashtra,Male,1972-02-22,2024-07-20,1,67.0,4.0,348,high,52,2024-08
0475-SDTPE,2022-10-22,Paid,2023-10-22,Basic,Monthly,,,6.99,320,2,0,tanvi,India,Rajasthan,Male,1994-06-02,,0,,,801,low,30,
0476-WGNBZ,2020-09-05,Organic,2022-09-05,Standard,Monthly,,,13.99,1515,23,0,manish,India,Uttar Pradesh,Male,1980-08-24,,0,,,1578,low,44,
0477-VBDLD,2020-12-15,Paid,2022-12-15,Basic,Annual,,,6.99,505,42,0,priya,India,Meghalaya,Female,1985-07-24,,0,,,1477,medium,39,
0478-DSQHR,2022-11-26,Paid,2026-11-26,Basic,Annual,,,8.99,477,15,0,kriti,India,Uttar Pradesh,Female,1984-02-10,,0,,,766,low,40,
0479-PDVCS,2020-01-13,Refferal,2021-01-13,Standard,Annual,,,13.99,1704,1,0,anjali,India,Karnataka,Female,1966-02-17,2020-10-25,0,97.0,1.0,1814,low,58,
0480-UMPUV,2020-11-11,Refferal,2023-11-11,Standard,Annual,,,13.99,1179,24,0,priya,India,Nagaland,Female,1981-02-14,,0,,,1511,low,43,
0481-KEOXR,2020-02-04,Paid,2022-02-04,Standard,Monthly,2023-02-11,Not enough content,13.99,804,77,1,aarav,India,Rajasthan,Male,1978-05-11,2022-12-14,1,39.0,4.0,1103,high,46,2023-02
0482-ACCOM,2019-11-19,Organic,2024-11-19,Standard,Annual,2022-11-25,Switched to competitor,13.99,1019,69,1,sahil,India,Tamil Nadu,Male,2002-05-29,2022-08-29,0,42.0,4.0,1102,medium,22,2022-11
0483-SXQLZ,2023-08-08,Paid,2027-08-08,Basic,Annual,2024-11-06,Poor streaming quality,8.99,261,64,1,anjali,India,Gujarat,Male,1994-12-03,2024-08-14,0,41.0,1.0,456,medium,30,2024-11
0484-VWWJR,2021-01-27,Paid,2021-04-27,Basic,Monthly,2021-05-15,Not enough content,7.99,80,77,1,anjali,India,West Bengal,Male,1979-05-20,2021-04-12,1,29.0,1.0,108,high,45,2021-05
0485-WXADQ,2023-08-27,Paid,2024-02-27,Premium,Monthly,,,22.99,795,34,0,yash,India,Rajasthan,Female,1995-09-13,,0,,,492,low,29,
0486-YGTJI,2024-04-03,Organic,2024-07-03,Basic,Monthly,2024-11-04,Switched to competitor,7.99,109,79,1,yash,India,Telangana,Female,2003-08-29,2024-10-16,1,37.0,4.0,215,high,21,2024-11
0487-HKWUQ,2023-12-01,Organic,2024-01-01,Standard,Monthly,,,12.99,319,26,0,anjali,India,Tamil Nadu,Male,1990-10-14,,0,,,396,low,34,
0488-DSZVC,2020-07-02,Paid,2022-07-02,Basic,Monthly,,,8.99,852,22,0,tanya,India,Bihar,Female,1975-10-19,,0,,,1643,low,49,
0489-OLPUP,2020-05-08,Organic,2020-08-08,Standard,Monthly,,,13.99,1678,27,0,zoya,India,Kerala,Male,1965-07-26,,0,,,1698,low,59,
0490-XCKBG,2021-02-20,Paid,2024-02-20,Standard,Annual,,,12.99,737,34,0,priya,India,Rajasthan,Male,1991-06-27,,0,,,1410,low,33,
0491-WNTSF,2019-02-23,Paid,2023-02-23,Basic,Annual,2022-10-10,Poor streaming quality,7.99,476,79,1,varun,India,Punjab,Male,1998-10-06,2022-09-23,0,63.0,3.0,1325,high,26,2022-10
0492-RGIRK,2020-01-04,Refferal,2022-01-04,Basic,Monthly,2020-12-15,Service issues,7.99,121,92,1,aarav,India,Bihar,Male,1987-07-07,2020-10-19,1,64.0,4.0,346,high,37,2020-12
0493-QEWWW,2022-03-18,Paid,2025-03-18,Basic,Annual,,,8.99,523,28,0,rohit,India,Karnataka,Female,1998-10-17,2024-08-11,0,77.0,1.0,1019,low,26,
0494-GZBFQ,2024-04-20,Organic,2027-04-20,Standard,Annual,,,13.99,259,33,0,ananya,India,Telangana,Male,1966-07-01,,0,,,255,low,58,
0495-LULWL,2022-07-12,Organic,2025-07-12,Basic,Annual,,,7.99,513,9,0,sahil,India,Karnataka,Female,1980-08-22,,0,,,903,low,44,
0496-QCKOA,2019-04-19,Paid,2021-04-19,Premium,Monthly,2019-08-15,Switched to competitor,23.99,165,82,1,dev,India,Tamil Nadu,Female,1999-01-03,2019-06-08,1,30.0,4.0,118,high,25,2019-08
0497-ORLIV,2019-02-01,Refferal,2023-02-01,Premium,Annual,,,23.99,2850,27,0,yash,India,Kerala,Male,2003-04-05,,0,,,2160,low,21,
0498-ITPSJ,2023-09-30,Paid,2025-09-30,Basic,Monthly,2024-05-19,Not enough content,8.99,136,59,1,shreya,India,Karnataka,Male,1966-10-28,2024-04-18,1,11.0,4.0,232,medium,58,2024-05
0499-RAJQU,2022-06-17,Paid,2022-09-17,Standard,Monthly,,,13.99,709,11,0,priya,India,Punjab,Female,1980-12-16,,0,,,928,low,44,
0500-CXMVT,2019-09-17,Organic,2021-09-17,Premium,Annual,,,22.99,1858,4,0,nisha,India,Telangana,Male,1984-01-11,,0,,,1932,low,40,
0501-PEYKL,2021-11-16,Refferal,2022-11-16,Basic,Monthly,,,8.99,695,10,0,priya,India,Tamil Nadu,Male,1993-09-03,,0,,,1141,low,31,
0502-ITBQR,2019-06-13,Organic,2024-06-13,Premium,Annual,,,21.99,2660,1,0,yash,India,Karnataka,Female,1987-09-05,2021-01-17,1,62.0,1.0,2028,low,37,
0503-RYDMN,2020-10-09,Refferal,2021-10-09,Premium,Monthly,2023-11-17,Switched to competitor,22.99,1331,68,1,harsh,India,Punjab,Female,1974-10-02,2023-10-20,1,28.0,3.0,1134,medium,50,2023-11
0504-MNXEP,2019-09-18,Refferal,2020-09-18,Standard,Annual,2021-01-17,Too expensive,12.99,391,91,1,nikita,India,Karnataka,Female,1965-06-23,2020-12-30,0,10.0,3.0,487,high,59,2021-01
0505-PWNKZ,2022-03-04,Organic,2023-03-04,Standard,Monthly,,,13.99,871,17,0,nisha,India,Bihar,Male,1982-09-09,,0,,,1033,low,42,
